#VRML V2.0 utf8
# 3D model generated by easyeda2kicad.py (https://github.com/uPesy/easyeda2kicad.py)

Shape{
    appearance Appearance {
        material  Material 	{
            diffuseColor 0.25098039215686274 0.25098039215686274 0.25098039215686274
            specularColor 0.12549019607843137 0.12549019607843137 0.12549019607843137
            ambientIntensity 0.2
            transparency 0
            shininess 0.5
        }
    }
    geometry IndexedFaceSet {
        ccw TRUE
        solid FALSE
        coord DEF co Coordinate {
            point [
                -8.7402 -6.811 -3.937, -9.2717 -6.811 -3.937, -9.2717 -5.8858 -3.937, 8.6457 -6.811 -3.937, 4.2944 -6.811 -3.937, 4.2944 -5.8858 -3.937, 9.2717 -6.1851 -3.937, -8.7402 0.198 -3.937, -8.1395 0.167 -3.937, -8.177 0.1181 -3.937, -8.2006 0.0611 -3.937, -8.2087 0.0 -3.937, -8.7402 -0.2005 -3.937, -8.2006 -0.0611 -3.937, -8.177 -0.1181 -3.937, -8.7402 0.2183 -3.937, -8.0906 0.2046 -3.937, -8.0991 0.198 -3.937, -7.9113 0.2282 -3.937, -7.9724 0.2362 -3.937, -8.7402 0.7874 -3.937, -8.0336 0.2282 -3.937, -8.0574 0.2183 -3.937, -4.2388 0.2183 -3.937, -4.2388 0.198 -3.937, -7.8458 0.198 -3.937, -4.2388 0.7874 -3.937, -7.8875 0.2183 -3.937, -7.8543 0.2046 -3.937, -4.2388 -0.2005 -3.937, -7.849 -0.2005 -3.937, -7.8054 -0.167 -3.937, -7.7679 -0.1181 -3.937, -7.7443 -0.0611 -3.937, -7.7362 0.0 -3.937, -7.7443 0.0611 -3.937, -7.7679 0.1181 -3.937, -7.8054 0.167 -3.937, -8.1395 -0.167 -3.937, -8.0959 -0.2005 -3.937, -8.7402 -0.7874 -3.937, -8.0906 -0.2046 -3.937, -8.0336 -0.2282 -3.937, -7.9724 -0.2362 -3.937, -7.9113 -0.2282 -3.937, -7.8543 -0.2046 -3.937, -4.2388 -0.7874 -3.937, 7.8458 0.198 -3.937, 7.8054 0.167 -3.937, 4.2944 0.198 -3.937, 7.7679 0.1181 -3.937, 7.7443 0.0611 -3.937, 7.7362 0.0 -3.937, 4.2944 -0.2005 -3.937, 7.7443 -0.0611 -3.937, 7.7679 -0.1181 -3.937, 9.2717 0.7874 -3.937, 7.9724 0.2362 -3.937, 4.2944 0.7874 -3.937, 7.9113 0.2282 -3.937, 4.2944 0.2183 -3.937, 7.8875 0.2183 -3.937, 7.8543 0.2046 -3.937, 9.2717 0.2183 -3.937, 9.2717 0.198 -3.937, 8.0991 0.198 -3.937, 8.0906 0.2046 -3.937, 8.0574 0.2183 -3.937, 8.0336 0.2282 -3.937, 8.1395 -0.167 -3.937, 8.177 -0.1181 -3.937, 9.2717 -0.2005 -3.937, 8.2006 -0.0611 -3.937, 8.2087 0.0 -3.937, 8.2006 0.0611 -3.937, 8.177 0.1181 -3.937, 8.1395 0.167 -3.937, 7.8054 -0.167 -3.937, 7.849 -0.2005 -3.937, 4.2944 -0.7874 -3.937, 7.8543 -0.2046 -3.937, 7.9113 -0.2282 -3.937, 7.9724 -0.2362 -3.937, 9.2717 -0.7874 -3.937, 8.0336 -0.2282 -3.937, 8.0906 -0.2046 -3.937, 8.0959 -0.2005 -3.937, 0.3245 -0.1777 -3.937, 0.2861 -0.2005 -3.937, 0.3245 -0.1345 -3.937, 0.2861 0.198 -3.937, 0.3701 0.1972 -3.937, 0.3245 0.1848 -3.937, 0.3245 0.132 -3.937, 0.3689 0.151 -3.937, 0.3316 -0.1384 -3.937, 0.4167 0.1572 -3.937, 0.4555 0.1529 -3.937, 0.485 0.1422 -3.937, 0.5122 0.124 -3.937, 0.536 0.0978 -3.937, 0.5646 -0.0054 -3.937, 0.5606 -0.048 -3.937, 0.5499 -0.0819 -3.937, 0.4623 -0.1555 -3.937, 0.4256 -0.1597 -3.937, 0.491 -0.145 -3.937, 0.5152 -0.1287 -3.937, 0.5336 -0.1092 -3.937, 0.3733 -0.1539 -3.937, 0.5522 0.0674 -3.937, 0.5627 0.0252 -3.937, 0.3824 0.198 -3.937, 0.2861 0.2183 -3.937, 0.4172 0.2004 -3.937, 0.5195 -0.1847 -3.937, 0.5512 -0.1645 -3.937, 0.6342 -0.2005 -3.937, 0.5736 0.1287 -3.937, 0.538 0.1629 -3.937, 0.6342 0.198 -3.937, 0.5006 0.1844 -3.937, 0.6174 -0.0087 -3.937, 0.6117 0.0473 -3.937, 0.5966 0.0919 -3.937, 0.6342 0.2183 -3.937, 0.4466 0.198 -3.937, 0.4567 0.1972 -3.937, 0.5808 -0.1334 -3.937, 0.6018 -0.0959 -3.937, 0.6136 -0.0542 -3.937, 0.4221 -0.2027 -3.937, 0.2861 -0.7874 -3.937, 0.4063 -0.2005 -3.937, 0.3665 -0.1949 -3.937, 0.4329 -0.2029 -3.937, 0.6342 -0.7874 -3.937, 0.456 -0.2005 -3.937, 0.4814 -0.1978 -3.937, -8.7402 -5.8858 -3.937, -4.2388 -6.811 -3.937, -4.2388 -5.8858 -3.937, -0.3716 -6.811 -3.937, 9.2717 -5.8858 -3.937, 4.2944 -3.937 -3.937, 9.2717 -3.937 -3.937, -8.7402 -3.937 -3.937, -8.2087 -4.7244 -3.937, -8.2006 -4.7855 -3.937, -8.177 -4.8425 -3.937, -8.1395 -4.8914 -3.937, -8.0906 -4.929 -3.937, -8.0336 -4.9526 -3.937, -7.8054 -4.8914 -3.937, -7.7679 -4.8425 -3.937, -7.7443 -4.7855 -3.937, -4.2388 -3.937 -3.937, -7.7362 -4.7244 -3.937, -7.7443 -4.6633 -3.937, -7.7679 -4.6063 -3.937, -8.1395 -4.5574 -3.937, -8.177 -4.6063 -3.937, -8.2006 -4.6633 -3.937, -7.9724 -4.9606 -3.937, -7.9113 -4.9526 -3.937, -7.8543 -4.929 -3.937, -7.8054 -4.5574 -3.937, -7.8543 -4.5198 -3.937, -7.9113 -4.4962 -3.937, -7.9724 -4.4882 -3.937, -8.0336 -4.4962 -3.937, -8.0906 -4.5198 -3.937, 4.2944 -2.3622 -3.937, 7.7362 -3.1496 -3.937, 7.7443 -3.2107 -3.937, 7.7679 -3.2677 -3.937, 7.8054 -3.3166 -3.937, 7.8543 -3.3542 -3.937, 8.0906 -3.3542 -3.937, 8.1395 -3.3166 -3.937, 7.9113 -3.3778 -3.937, 7.9724 -3.3858 -3.937, 8.0336 -3.3778 -3.937, 8.177 -3.2677 -3.937, 8.2006 -3.2107 -3.937, 9.2717 -2.3622 -3.937, 8.2087 -3.1496 -3.937, 8.2006 -3.0885 -3.937, 8.177 -3.0315 -3.937, 8.1395 -2.9826 -3.937, 8.0906 -2.945 -3.937, 7.8543 -2.945 -3.937, 7.8054 -2.9826 -3.937, 7.7679 -3.0315 -3.937, 7.7443 -3.0885 -3.937, 8.0336 -2.9214 -3.937, 7.9724 -2.9134 -3.937, 7.9113 -2.9214 -3.937, 7.7362 -1.5748 -3.937, 7.7443 -1.6359 -3.937, 8.1395 -1.4078 -3.937, 8.0906 -1.3702 -3.937, 7.8543 -1.3702 -3.937, 7.8054 -1.4078 -3.937, 8.177 -1.4567 -3.937, 7.7679 -1.4567 -3.937, 7.7443 -1.5137 -3.937, 8.0906 -1.7794 -3.937, 8.1395 -1.7418 -3.937, 8.177 -1.6929 -3.937, 8.2006 -1.6359 -3.937, 8.2087 -1.5748 -3.937, 8.2006 -1.5137 -3.937, 8.0336 -1.3466 -3.937, 7.9724 -1.3386 -3.937, 7.9113 -1.3466 -3.937, 7.7679 -1.6929 -3.937, 7.8054 -1.7418 -3.937, 7.8543 -1.7794 -3.937, 7.9113 -1.803 -3.937, 7.9724 -1.811 -3.937, 8.0336 -1.803 -3.937, 0.6342 -2.3622 -3.937, 0.2861 -2.3622 -3.937, 0.6342 -3.937 -3.937, 0.2861 -3.937 -3.937, 0.6342 -5.8858 -3.937, 0.2861 -5.8858 -3.937, 0.6342 -6.811 -3.937, 0.2861 -6.811 -3.937, -4.2388 -2.3622 -3.937, -8.7402 -2.3622 -3.937, -0.3716 -5.8858 -3.937, -0.3716 -3.937 -3.937, -0.3716 -2.3622 -3.937, -0.3716 -0.7874 -3.937, -0.3716 -0.2005 -3.937, 0.651 -0.1549 -3.937, 0.651 -0.1981 -3.937, 0.8527 -0.1981 -3.937, 0.8527 0.1956 -3.937, 0.7999 0.1956 -3.937, 0.7999 -0.1549 -3.937, 0.0365 -0.1981 -3.937, 0.2477 -0.1981 -3.937, -0.3376 -0.0902 -3.937, -0.315 -0.1254 -3.937, -0.2826 -0.1564 -3.937, -0.2415 -0.1803 -3.937, 0.2477 0.1956 -3.937, 0.0461 0.1956 -3.937, -0.1961 -0.1938 -3.937, -0.1474 -0.1981 -3.937, -0.0404 -0.1981 -3.937, 0.0461 0.1524 -3.937, 0.1949 0.1524 -3.937, 0.1949 0.0228 -3.937, -0.0404 0.1956 -3.937, 0.0557 0.0228 -3.937, 0.0557 -0.0204 -3.937, 0.1949 -0.0204 -3.937, 0.1949 -0.1549 -3.937, 0.0365 -0.1549 -3.937, -0.1515 0.1956 -3.937, -0.3716 0.198 -3.937, -0.2083 0.1895 -3.937, -0.2544 0.1734 -3.937, -0.2973 0.1447 -3.937, -0.2977 0.1443 -3.937, -0.3255 0.1134 -3.937, -0.3438 0.0796 -3.937, -0.3544 0.0408 -3.937, -0.3572 0.0037 -3.937, -0.3517 -0.049 -3.937, -0.4437 -0.1981 -3.937, -0.386 -0.1981 -3.937, -0.6837 -0.1981 -3.937, -0.6439 -0.0876 -3.937, -0.4812 -0.0876 -3.937, -0.5349 0.1956 -3.937, -0.5877 0.1956 -3.937, 4.2944 2.3622 -3.937, 7.7362 1.5748 -3.937, 7.7443 1.5137 -3.937, 8.2006 1.6359 -3.937, 9.2717 2.3622 -3.937, 8.2087 1.5748 -3.937, 7.7679 1.4567 -3.937, 7.8054 1.4078 -3.937, 7.8543 1.3702 -3.937, 8.0906 1.7794 -3.937, 8.0336 1.803 -3.937, 7.8054 1.7418 -3.937, 7.7679 1.6929 -3.937, 7.7443 1.6359 -3.937, 8.0906 1.3702 -3.937, 8.1395 1.4078 -3.937, 8.177 1.6929 -3.937, 8.1395 1.7418 -3.937, 7.9724 1.811 -3.937, 7.9113 1.803 -3.937, 7.8543 1.7794 -3.937, 8.177 1.4567 -3.937, 8.2006 1.5137 -3.937, 7.9113 1.3466 -3.937, 7.9724 1.3386 -3.937, 8.0336 1.3466 -3.937, 7.7443 3.0885 -3.937, 7.7679 3.0315 -3.937, 9.2717 3.937 -3.937, 8.2087 3.1496 -3.937, 8.2006 3.2107 -3.937, 8.177 3.2677 -3.937, 8.1395 3.3166 -3.937, 7.8054 2.9826 -3.937, 7.8543 2.945 -3.937, 7.9113 2.9214 -3.937, 7.9724 2.9134 -3.937, 8.0336 2.9214 -3.937, 8.0906 2.945 -3.937, 8.1395 2.9826 -3.937, 7.8054 3.3166 -3.937, 7.7679 3.2677 -3.937, 4.2944 3.937 -3.937, 7.7443 3.2107 -3.937, 7.7362 3.1496 -3.937, 8.177 3.0315 -3.937, 8.2006 3.0885 -3.937, 8.0906 3.3542 -3.937, 8.0336 3.3778 -3.937, 7.9724 3.3858 -3.937, 7.9113 3.3778 -3.937, 7.8543 3.3542 -3.937, 4.2944 6.811 -3.937, 9.2717 6.811 -3.937, 0.6342 0.7874 -3.937, 0.6342 2.3622 -3.937, 0.6342 3.937 -3.937, 0.6342 6.811 -3.937, 0.2861 0.7874 -3.937, 0.2861 2.3622 -3.937, 0.2861 3.937 -3.937, 0.2861 6.811 -3.937, -0.3716 0.2183 -3.937, -0.3716 0.7874 -3.937, -0.3716 2.3622 -3.937, -0.3716 3.937 -3.937, -0.3716 6.811 -3.937, -0.7413 -0.1981 -3.937, -4.2388 2.3622 -3.937, -4.2388 3.937 -3.937, -4.2388 6.811 -3.937, -8.7402 3.937 -3.937, -8.2006 4.6633 -3.937, -8.177 4.6063 -3.937, -8.1395 4.5574 -3.937, -8.0906 4.5198 -3.937, -8.0336 4.4962 -3.937, -7.9724 4.4882 -3.937, -7.9113 4.4962 -3.937, -8.7402 2.3622 -3.937, -7.8543 4.5198 -3.937, -7.8054 4.5574 -3.937, -7.7679 4.6063 -3.937, -7.7443 4.6633 -3.937, -7.7362 4.7244 -3.937, -7.7443 4.7855 -3.937, -7.7679 4.8425 -3.937, -7.8054 4.8914 -3.937, -7.8543 4.929 -3.937, -8.7402 6.811 -3.937, -7.9113 4.9526 -3.937, -7.9724 4.9606 -3.937, -8.0336 4.9526 -3.937, -8.0906 4.929 -3.937, -8.1395 4.8914 -3.937, -8.177 4.8425 -3.937, -8.2006 4.7855 -3.937, -8.2087 4.7244 -3.937, -9.2717 -3.937 -3.937, -9.2717 -2.3622 -3.937, -9.2717 -0.7874 -3.937, -9.2717 -0.2005 -3.937, -9.2717 0.198 -3.937, -9.2717 0.2183 -3.937, -9.2717 0.7874 -3.937, -9.2717 2.3622 -3.937, -9.2717 3.937 -3.937, -9.2717 6.811 -3.937, 1.1234 0.0802 3.937, 1.5146 0.6734 3.937, 1.1597 1.2492 3.937, 0.1152 0.0716 3.937, 0.5064 0.6648 3.937, 0.1462 1.2492 3.937, -0.8733 0.0789 3.937, -0.9246 0.0609 3.937, -0.5473 0.0609 3.937, -4.3929 1.0771 3.937, -4.7386 1.0771 3.937, -4.7386 0.0609 3.937, -4.8971 0.0609 3.937, -4.8971 1.0771 3.937, -7.3484 0.0609 3.937, -5.2283 1.0771 3.937, -7.3484 1.2492 3.937, -5.2283 1.2067 3.937, -4.3929 1.2067 3.937, -4.3785 1.2492 3.937, -4.3785 0.0609 3.937, -4.3785 0.0307 3.937, -4.7386 0.0307 3.937, -4.7386 0.0256 3.937, -3.3091 0.0609 3.937, -3.2983 0.0333 3.937, -3.2407 0.0307 3.937, -3.4711 0.0333 3.937, -4.1819 0.0609 3.937, -4.1913 0.0333 3.937, -4.3642 0.0333 3.937, -4.3537 0.0609 3.937, -3.9176 1.2144 3.937, -3.4811 0.0609 3.937, -3.5906 0.3645 3.937, -4.0786 0.3645 3.937, -2.5061 1.0329 3.937, -2.3477 0.0609 3.937, -2.3477 1.2492 3.937, -3.1831 0.0894 3.937, -3.2407 0.0609 3.937, -3.1452 0.0713 3.937, -3.1044 0.0609 3.937, -3.1831 0.2623 3.937, -3.2407 1.2492 3.937, -3.7592 1.2144 3.937, -2.5999 0.5956 3.937, -2.5318 0.5321 3.937, -3.069 0.6919 3.937, -3.1214 0.7419 3.937, -3.1552 0.7953 3.937, -3.1494 1.0594 3.937, -3.1123 1.1107 3.937, -2.4722 0.2641 3.937, -2.4941 0.2043 3.937, -2.5323 0.1489 3.937, -2.5817 0.1058 3.937, -2.4925 0.473 3.937, -2.4706 0.4138 3.937, -2.4629 0.3471 3.937, -2.7654 1.2381 3.937, -2.6343 1.2325 3.937, -2.5061 1.2057 3.937, -3.1763 0.8568 3.937, -3.1831 0.9212 3.937, -3.1725 1.0029 3.937, -3.0616 1.1547 3.937, -2.9952 1.1928 3.937, -2.896 1.2254 3.937, -2.7737 0.6971 3.937, -2.5954 1.0792 3.937, -2.8835 0.7553 3.937, -2.6964 1.1034 3.937, -2.778 1.1085 3.937, -2.8943 0.5861 3.937, -3.0968 0.2092 3.937, -2.7338 0.5009 3.937, -2.9569 0.1662 3.937, -2.7174 0.4905 3.937, -2.8682 0.1578 3.937, -2.7825 0.1645 3.937, -3.007 0.8591 3.937, -3.0195 0.8917 3.937, -3.0247 0.9368 3.937, -2.9871 0.8298 3.937, -2.9508 0.7981 3.937, -2.7225 0.1807 3.937, -2.6802 0.204 3.937, -2.6556 0.2272 3.937, -2.9933 1.0297 3.937, -3.0105 1.0029 3.937, -3.0209 0.9726 3.937, -2.6399 0.2506 3.937, -2.6263 0.2875 3.937, -2.6214 0.3341 3.937, -2.6265 0.376 3.937, -2.6399 0.4096 3.937, -2.6688 0.4492 3.937, -2.8607 1.101 3.937, -2.9234 1.0809 3.937, -2.9664 1.0556 3.937, -3.0378 0.0439 3.937, -3.2407 -3.4911 3.937, -2.8858 0.0282 3.937, -2.9103 0.0307 3.937, -2.6484 0.0693 3.937, -2.6784 0.0609 3.937, -2.3477 0.0307 3.937, -2.7637 0.0371 3.937, -2.8512 0.0307 3.937, -1.9588 0.0609 3.937, -1.9588 0.0503 3.937, -1.8148 0.0503 3.937, -0.5473 0.0307 3.937, -1.8708 1.2458 3.937, -1.8148 1.2458 3.937, -2.0428 1.1351 3.937, -1.1871 0.0771 3.937, -1.2463 0.1164 3.937, -1.8148 0.0609 3.937, -1.9588 1.0536 3.937, -2.0679 0.9803 3.937, -2.2104 0.9205 3.937, -2.2325 0.9145 3.937, -2.2325 1.0585 3.937, -0.9473 0.053 3.937, -1.0348 0.0436 3.937, -1.1188 0.0527 3.937, -1.1417 0.0609 3.937, -1.3045 0.1801 3.937, -1.3562 0.2756 3.937, -1.3978 0.4329 3.937, -1.4115 0.6256 3.937, -1.3927 0.8619 3.937, -1.3397 1.037 3.937, -1.2898 1.1203 3.937, -1.2344 1.1781 3.937, -1.1796 1.2146 3.937, -0.9222 1.2445 3.937, -0.8526 1.2201 3.937, -0.5473 1.2492 3.937, -0.7912 1.1795 3.937, -0.7436 1.1278 3.937, -0.6514 0.4344 3.937, -0.6955 0.282 3.937, -0.7496 0.1858 3.937, -0.8076 0.1226 3.937, -0.6942 1.0389 3.937, -0.6518 0.8884 3.937, -0.6337 0.6535 3.937, -1.1077 1.2419 3.937, -1.045 1.2492 3.937, -2.3477 1.2574 3.937, -0.9672 1.2492 3.937, -0.5473 1.2574 3.937, -1.0082 1.2535 3.937, 1.0781 1.2492 3.937, 0.704 0.6671 3.937, 1.1019 1.2492 3.937, 1.0803 0.0716 3.937, 1.1019 0.0609 3.937, 0.893 0.0716 3.937, 0.0504 0.0609 3.937, 0.602 0.5752 3.937, 0.5982 0.5752 3.937, 0.6145 0.5444 3.937, 0.5851 0.5442 3.937, 0.5712 0.5136 3.937, 0.144 1.2527 3.937, 0.0504 1.2574 3.937, 0.0504 1.2492 3.937, 0.3025 0.0716 3.937, 0.6288 0.5145 3.937, 1.0803 1.2527 3.937, 1.1019 1.2574 3.937, 0.9074 1.2527 3.937, 0.3313 1.2527 3.937, 0.9053 1.2492 3.937, 0.5873 0.8044 3.937, 0.6068 0.762 3.937, 0.6099 0.762 3.937, 0.3333 1.2492 3.937, 0.5653 0.8455 3.937, 0.6563 0.8494 3.937, 0.6321 0.8062 3.937, 1.9012 0.0802 3.937, 2.1605 0.0609 3.937, 1.7122 0.6757 3.937, 2.0885 0.0802 3.937, 2.1605 1.2492 3.937, 1.5794 0.5222 3.937, 1.637 0.5231 3.937, 1.6227 0.5531 3.937, 1.6102 0.5839 3.937, 1.6064 0.5839 3.937, 1.5933 0.5529 3.937, 2.0807 1.2492 3.937, 2.1605 1.2574 3.937, 2.086 1.2574 3.937, 1.1523 1.2613 3.937, 1.1019 1.2685 3.937, 1.1546 1.2574 3.937, 2.0885 1.2613 3.937, 2.1605 1.2685 3.937, 1.9157 1.2613 3.937, 1.3395 1.2613 3.937, 1.9132 1.2574 3.937, 1.5955 0.813 3.937, 1.615 0.7707 3.937, 1.6181 0.7707 3.937, 1.3417 1.2574 3.937, 1.3464 1.2492 3.937, 1.9081 1.2492 3.937, 1.5736 0.8542 3.937, 1.6645 0.858 3.937, 1.6403 0.8149 3.937, 1.3107 0.0802 3.937, 2.8158 1.2685 3.937, 2.9527 1.2685 3.937, 2.9527 1.2757 3.937, 2.8158 7.0079 3.937, 3.7593 1.2757 3.937, 4.0689 7.0079 3.937, 3.9177 1.2757 3.937, 3.1543 1.2757 3.937, 3.1588 1.2685 3.937, 3.7593 1.2685 3.937, 3.1658 1.2574 3.937, 3.7593 1.2574 3.937, 3.1709 1.2492 3.937, 3.7593 1.2492 3.937, 3.7638 0.2962 3.937, 3.7669 0.2962 3.937, 3.741 0.3374 3.937, 3.7606 0.3819 3.937, 3.7163 0.3775 3.937, 3.7593 0.4677 3.937, 2.9527 1.2574 3.937, 2.8158 1.2574 3.937, 2.9527 1.2492 3.937, 2.8158 1.2492 3.937, 2.9527 0.0946 3.937, 2.8158 0.0609 3.937, 3.1111 0.0946 3.937, 4.0689 0.0609 3.937, 3.7298 0.0946 3.937, 3.1111 1.0885 3.937, 3.1064 1.0885 3.937, 3.129 1.0491 3.937, 3.1104 1.0059 3.937, 3.1505 1.0115 3.937, 3.1111 0.9233 3.937, 4.0689 1.2685 3.937, 3.9177 1.2685 3.937, 4.0689 1.2574 3.937, 3.9177 1.2574 3.937, 4.0689 1.2492 3.937, 3.9177 1.2492 3.937, 3.9177 0.0946 3.937, 4.2201 1.2685 3.937, 4.2201 1.2865 3.937, 4.3786 1.2865 3.937, 9.4685 7.0079 3.937, 4.9691 0.1054 3.937, 4.9691 0.6384 3.937, 4.3786 0.6384 3.937, 4.2201 1.2574 3.937, 4.2201 1.2492 3.937, 4.2201 0.1054 3.937, 4.3786 0.1054 3.937, 4.3786 0.768 3.937, 4.9691 0.768 3.937, 4.3786 1.2492 3.937, 4.9691 1.2492 3.937, 4.3786 1.2574 3.937, 4.9691 1.2574 3.937, 4.3786 1.2685 3.937, 4.9691 1.2685 3.937, 4.9691 1.2865 3.937, 5.1276 1.2865 3.937, 9.4685 1.2685 3.937, 5.1276 1.2685 3.937, 9.4685 1.2574 3.937, 5.1276 1.2574 3.937, 9.4685 1.2492 3.937, 5.1276 1.2492 3.937, 9.4685 0.0609 3.937, 5.1276 0.1054 3.937, 2.1605 7.0079 3.937, 1.1019 7.0079 3.937, 0.0504 7.0079 3.937, 0.0504 1.2685 3.937, -0.5473 7.0079 3.937, -2.3477 7.0079 3.937, -0.5473 1.2685 3.937, -2.3477 1.2685 3.937, -3.2407 7.0079 3.937, -3.2407 1.2685 3.937, -3.2407 1.2574 3.937, -4.3785 7.0079 3.937, -4.3785 1.2685 3.937, -4.3785 1.2574 3.937, -7.3484 7.0079 3.937, -7.3484 1.2685 3.937, -7.3484 1.2574 3.937, 2.2325 0.4921 3.937, 2.2325 0.6073 3.937, 2.679 0.4921 3.937, 2.679 0.6073 3.937, -0.4609 0.4691 3.937, -0.4609 0.5843 3.937, -0.0144 0.4691 3.937, -0.0144 0.5843 3.937, 0.0504 0.0307 3.937, 1.1019 0.0307 3.937, 2.1605 0.0307 3.937, 2.8158 0.0307 3.937, 4.0689 0.0307 3.937, 9.4685 0.0307 3.937, -2.3477 -3.4911 3.937, -0.5473 -3.4911 3.937, 0.0504 -3.4911 3.937, 1.1019 -3.4911 3.937, 2.1605 -3.4911 3.937, 2.8158 -3.4911 3.937, 4.0689 -3.4911 3.937, 9.4685 -3.4911 3.937, -4.8971 0.0307 3.937, -7.3484 0.0307 3.937, -4.8971 0.0256 3.937, -7.3484 -3.4911 3.937, -4.3785 -3.4911 3.937, -9.4685 7.0079 3.937, -9.4685 1.2685 3.937, -9.4685 1.2574 3.937, -9.4685 1.2492 3.937, -9.4685 0.0609 3.937, -9.4685 0.0307 3.937, -9.4685 -3.4911 3.937, 9.4685 -6.2666 3.937, 8.7272 -7.0079 3.937, 4.0689 -7.0079 3.937, 2.8158 -7.0079 3.937, 2.1605 -7.0079 3.937, 1.1019 -7.0079 3.937, 0.0504 -7.0079 3.937, -0.5473 -7.0079 3.937, -2.3477 -7.0079 3.937, -3.2407 -7.0079 3.937, -4.3785 -7.0079 3.937, -7.3484 -7.0079 3.937, -9.4685 -7.0079 3.937, 9.3504 5.5118 -3.937, 9.5472 5.5118 -3.937, 9.3504 -5.1181 -3.937, 9.5472 -5.1181 -3.937, -7.9724 6.8898 -3.937, -7.9724 7.0866 -3.937, 7.9724 6.8898 -3.937, 7.9724 7.0866 -3.937, -9.3504 -5.5118 -3.937, -9.5472 -5.5118 -3.937, -9.3504 5.5118 -3.937, -9.5472 5.5118 -3.937, 7.5787 -6.8898 -3.937, 7.5787 -7.0866 -3.937, -7.9724 -6.8898 -3.937, -7.9724 -7.0866 -3.937, -9.5472 7.0472 -4.1339, -9.5472 5.5118 -4.1339, -9.5472 -5.5118 -4.1339, -9.5472 -7.0472 -4.1339, -9.5472 -7.0472 3.8583, -9.5472 7.0472 3.8583, -9.5079 -7.0866 -4.1339, -7.9724 -7.0866 -4.1339, 7.5787 -7.0866 -4.1339, 8.7435 -7.0866 -4.1339, 8.7435 -7.0866 3.8583, -9.5079 -7.0866 3.8583, 9.5472 -6.2829 -4.1339, 9.5472 -5.1181 -4.1339, 9.5472 5.5118 -4.1339, 9.5472 7.0472 -4.1339, 9.5472 7.0472 3.8583, 9.5472 -6.2829 3.8583, 9.5079 7.0866 -4.1339, 7.9724 7.0866 -4.1339, -7.9724 7.0866 -4.1339, -9.5079 7.0866 -4.1339, -9.5079 7.0866 3.8583, 9.5079 7.0866 3.8583, 9.5357 -6.3107 3.8583, 8.7714 -7.0751 3.8583, 9.5357 -6.3107 -4.1339, 8.7714 -7.0751 -4.1339, 9.3504 5.5118 -4.1339, 9.3504 -5.1181 -4.1339, 9.3504 -6.2177 -4.1339, 9.3504 -6.2177 -3.8976, 9.3504 6.8898 -3.8976, 9.3504 6.8898 -4.1339, 7.9724 6.8898 -4.1339, -9.3504 6.8898 -3.8976, -7.9724 6.8898 -4.1339, -9.3504 6.8898 -4.1339, 9.5181 7.0853 -4.1339, 9.5459 7.0574 -4.1339, 9.542 7.0669 -4.1339, 9.5276 7.0813 -4.1339, 9.5357 7.0751 -4.1339, -9.3504 5.5118 -4.1339, -9.3504 -6.8898 -3.8976, -9.3504 -5.5118 -4.1339, -9.3504 -6.8898 -4.1339, -9.5387 7.0718 -4.1339, -9.5324 7.078 -4.1339, -9.5463 7.056 -4.1339, -9.5433 7.0643 -4.1339, -9.525 7.0827 -4.1339, -9.5166 7.0856 -4.1339, -7.9724 -6.8898 -4.1339, 8.6783 -6.8898 -3.8976, 8.6783 -6.8898 -4.1339, 7.5787 -6.8898 -4.1339, -9.5459 -7.0574 -4.1339, -9.542 -7.0669 -4.1339, -9.5181 -7.0853 -4.1339, -9.5276 -7.0813 -4.1339, -9.5357 -7.0751 -4.1339, 9.5459 -6.2931 -4.1339, 8.7537 -7.0853 -4.1339, 8.7632 -7.0813 -4.1339, 9.542 -6.3026 -4.1339, 9.542 -6.3026 -4.1339
            ]
        }
        coordIndex [
            0,1,2,-1,3,4,5,-1,3,5,6,-1,7,8,9,-1,9,10,7,-1,7,10,11,-1,7,11,12,-1,12,11,13,-1,12,13,14,-1,15,16,7,-1,7,16,17,-1,7,17,8,-1,18,19,20,-1,20,19,21,-1,20,21,15,-1,15,21,22,-1,15,22,16,-1,23,24,25,-1,18,26,27,-1,27,26,23,-1,27,23,28,-1,28,23,25,-1,29,30,31,-1,31,32,29,-1,29,32,33,-1,29,33,24,-1,24,33,34,-1,24,34,35,-1,35,36,24,-1,24,36,37,-1,24,37,25,-1,14,38,12,-1,12,38,39,-1,12,39,40,-1,40,39,41,-1,41,42,40,-1,40,42,43,-1,40,43,44,-1,30,29,45,-1,45,29,46,-1,45,46,44,-1,47,48,49,-1,49,48,50,-1,50,51,49,-1,49,51,52,-1,49,52,53,-1,53,52,54,-1,53,54,55,-1,56,57,58,-1,58,57,59,-1,58,59,60,-1,60,59,61,-1,60,61,49,-1,49,61,62,-1,49,62,47,-1,63,64,65,-1,65,66,63,-1,63,66,67,-1,63,67,56,-1,56,67,68,-1,56,68,57,-1,69,70,71,-1,71,70,72,-1,71,72,64,-1,64,72,73,-1,64,73,74,-1,74,75,64,-1,64,75,76,-1,64,76,65,-1,55,77,53,-1,53,77,78,-1,53,78,79,-1,79,78,80,-1,80,81,79,-1,79,81,82,-1,79,82,83,-1,82,84,83,-1,83,84,85,-1,83,85,71,-1,71,85,86,-1,71,86,69,-1,87,88,89,-1,89,88,90,-1,91,92,90,-1,90,92,93,-1,90,93,89,-1,89,93,94,-1,89,94,95,-1,95,94,96,-1,95,96,97,-1,97,98,95,-1,95,98,99,-1,95,99,100,-1,101,102,95,-1,95,102,103,-1,104,105,106,-1,106,105,107,-1,103,108,95,-1,95,108,107,-1,95,107,109,-1,109,107,105,-1,100,110,95,-1,95,110,111,-1,95,111,101,-1,91,90,112,-1,112,90,113,-1,112,113,114,-1,115,116,117,-1,118,119,120,-1,120,119,121,-1,122,123,120,-1,120,123,124,-1,120,124,118,-1,114,125,126,-1,126,125,120,-1,126,120,127,-1,127,120,121,-1,116,128,117,-1,117,128,129,-1,117,129,130,-1,131,132,133,-1,133,132,88,-1,133,88,134,-1,134,88,87,-1,131,135,136,-1,136,135,137,-1,136,137,117,-1,117,137,138,-1,117,138,115,-1,0,139,140,-1,140,139,141,-1,140,141,142,-1,6,5,143,-1,143,5,144,-1,143,144,145,-1,146,147,139,-1,139,147,148,-1,139,148,149,-1,149,150,139,-1,139,150,151,-1,139,151,152,-1,153,154,141,-1,141,154,155,-1,141,155,156,-1,155,157,156,-1,156,157,158,-1,156,158,159,-1,160,161,146,-1,146,161,162,-1,146,162,147,-1,152,163,139,-1,139,163,164,-1,139,164,141,-1,141,164,165,-1,141,165,153,-1,159,166,156,-1,156,166,167,-1,156,167,168,-1,169,170,146,-1,146,170,171,-1,146,171,160,-1,172,173,144,-1,144,173,174,-1,174,175,144,-1,144,175,176,-1,144,176,177,-1,178,179,145,-1,177,180,144,-1,144,180,181,-1,144,181,145,-1,145,181,182,-1,145,182,178,-1,179,183,145,-1,145,183,184,-1,145,184,185,-1,185,184,186,-1,185,186,187,-1,187,188,185,-1,185,188,189,-1,185,189,190,-1,172,191,192,-1,192,193,172,-1,172,193,194,-1,172,194,173,-1,190,195,185,-1,185,195,196,-1,185,196,172,-1,172,196,197,-1,172,197,191,-1,79,198,172,-1,172,198,199,-1,200,201,83,-1,79,202,203,-1,200,83,204,-1,203,205,79,-1,79,205,206,-1,79,206,198,-1,207,208,185,-1,185,208,209,-1,209,210,185,-1,185,210,211,-1,185,211,83,-1,83,211,212,-1,83,212,204,-1,201,213,83,-1,83,213,214,-1,83,214,79,-1,79,214,215,-1,79,215,202,-1,199,216,172,-1,172,216,217,-1,172,217,218,-1,218,219,172,-1,172,219,220,-1,172,220,185,-1,185,220,221,-1,185,221,207,-1,131,136,132,-1,132,136,222,-1,132,222,223,-1,223,222,224,-1,223,224,225,-1,225,224,226,-1,225,226,227,-1,227,226,228,-1,227,228,229,-1,44,46,40,-1,40,46,230,-1,40,230,231,-1,231,230,156,-1,231,156,146,-1,146,156,168,-1,146,168,169,-1,142,141,232,-1,232,141,156,-1,232,156,233,-1,233,156,230,-1,233,230,234,-1,234,230,46,-1,234,46,235,-1,235,46,29,-1,235,29,236,-1,237,238,117,-1,117,238,239,-1,240,241,120,-1,240,49,239,-1,239,49,53,-1,239,53,117,-1,117,53,79,-1,117,79,136,-1,136,79,172,-1,136,172,222,-1,222,172,144,-1,222,144,224,-1,224,144,5,-1,224,5,226,-1,226,5,4,-1,226,4,228,-1,130,122,117,-1,117,122,120,-1,117,120,237,-1,237,120,241,-1,237,241,242,-1,243,244,88,-1,245,246,236,-1,236,246,247,-1,236,247,248,-1,88,244,90,-1,90,244,249,-1,90,249,250,-1,248,251,236,-1,236,251,252,-1,236,252,253,-1,254,255,256,-1,257,258,259,-1,260,261,259,-1,259,261,262,-1,259,262,257,-1,257,262,243,-1,257,243,253,-1,253,243,88,-1,253,88,236,-1,236,88,132,-1,236,132,235,-1,235,132,223,-1,235,223,234,-1,234,223,225,-1,234,225,233,-1,233,225,227,-1,233,227,232,-1,232,227,229,-1,232,229,142,-1,257,263,264,-1,263,265,264,-1,264,265,266,-1,264,266,267,-1,267,268,264,-1,264,268,269,-1,264,269,270,-1,270,271,264,-1,264,271,272,-1,264,272,236,-1,236,272,273,-1,236,273,245,-1,274,275,236,-1,276,277,278,-1,236,275,264,-1,264,275,279,-1,264,279,280,-1,281,282,58,-1,58,282,283,-1,284,285,286,-1,286,285,56,-1,283,287,58,-1,58,287,288,-1,58,288,289,-1,285,290,291,-1,292,293,281,-1,281,293,294,-1,281,294,282,-1,56,295,296,-1,284,297,285,-1,285,297,298,-1,285,298,290,-1,299,300,281,-1,281,300,301,-1,281,301,292,-1,296,302,56,-1,56,302,303,-1,56,303,286,-1,289,304,58,-1,58,304,305,-1,58,305,56,-1,56,305,306,-1,56,306,295,-1,281,307,308,-1,309,285,310,-1,310,311,309,-1,309,311,312,-1,309,312,313,-1,308,314,281,-1,281,314,315,-1,281,315,316,-1,291,299,285,-1,285,299,281,-1,285,281,317,-1,317,281,316,-1,317,318,285,-1,285,318,319,-1,285,319,320,-1,321,322,323,-1,323,322,324,-1,323,324,281,-1,281,324,325,-1,281,325,307,-1,320,326,285,-1,285,326,327,-1,285,327,310,-1,313,328,309,-1,309,328,329,-1,309,329,330,-1,330,331,323,-1,323,331,332,-1,323,332,321,-1,330,323,309,-1,309,323,333,-1,309,333,334,-1,240,120,49,-1,49,120,125,-1,49,125,60,-1,60,125,335,-1,60,335,58,-1,58,335,336,-1,58,336,281,-1,281,336,337,-1,281,337,323,-1,323,337,338,-1,323,338,333,-1,114,113,125,-1,125,113,339,-1,125,339,335,-1,335,339,340,-1,335,340,336,-1,336,340,341,-1,336,341,337,-1,337,341,342,-1,337,342,338,-1,256,258,254,-1,254,258,257,-1,254,257,250,-1,250,257,264,-1,250,264,90,-1,90,264,343,-1,90,343,113,-1,113,343,344,-1,113,344,339,-1,339,344,345,-1,339,345,340,-1,340,345,346,-1,340,346,341,-1,341,346,347,-1,341,347,342,-1,278,274,276,-1,276,274,236,-1,276,236,348,-1,348,236,29,-1,348,29,280,-1,280,29,24,-1,280,24,264,-1,264,24,23,-1,264,23,343,-1,343,23,26,-1,343,26,344,-1,344,26,349,-1,344,349,345,-1,345,349,350,-1,345,350,346,-1,346,350,351,-1,346,351,347,-1,352,353,354,-1,354,355,352,-1,352,355,356,-1,352,356,357,-1,358,359,350,-1,18,20,26,-1,26,20,360,-1,26,360,349,-1,349,360,352,-1,349,352,350,-1,350,352,357,-1,350,357,358,-1,359,361,350,-1,350,361,362,-1,350,362,363,-1,363,364,350,-1,350,364,365,-1,350,365,351,-1,351,365,366,-1,351,366,367,-1,367,368,351,-1,351,368,369,-1,351,369,370,-1,370,369,371,-1,370,371,372,-1,372,373,370,-1,370,373,374,-1,370,374,375,-1,375,376,370,-1,370,376,377,-1,370,377,352,-1,352,377,378,-1,352,378,353,-1,0,2,139,-1,139,2,379,-1,139,379,146,-1,146,379,380,-1,146,380,231,-1,231,380,381,-1,231,381,40,-1,40,381,382,-1,40,382,12,-1,12,382,383,-1,12,383,7,-1,7,383,384,-1,7,384,15,-1,15,384,385,-1,15,385,20,-1,20,385,386,-1,20,386,360,-1,360,386,387,-1,360,387,352,-1,352,387,388,-1,352,388,370,-1,389,390,391,-1,392,393,394,-1,395,396,397,-1,398,399,400,-1,401,402,403,-1,403,402,404,-1,403,404,405,-1,406,407,408,-1,408,407,398,-1,408,398,409,-1,409,398,400,-1,409,400,410,-1,410,400,411,-1,410,411,412,-1,413,414,415,-1,416,417,418,-1,414,416,415,-1,415,416,418,-1,415,418,410,-1,410,418,419,-1,410,419,409,-1,409,419,420,-1,409,420,408,-1,408,420,421,-1,416,422,417,-1,417,422,423,-1,417,423,424,-1,425,426,427,-1,428,429,430,-1,430,429,431,-1,428,432,429,-1,429,432,433,-1,429,433,434,-1,435,436,425,-1,437,438,432,-1,432,438,439,-1,433,440,441,-1,442,443,426,-1,426,443,444,-1,426,444,445,-1,436,446,425,-1,425,446,447,-1,425,447,426,-1,426,447,448,-1,426,448,442,-1,449,450,427,-1,427,450,451,-1,427,451,425,-1,439,452,432,-1,432,452,453,-1,432,453,433,-1,433,453,454,-1,433,454,440,-1,441,455,433,-1,433,455,456,-1,433,456,457,-1,435,425,458,-1,458,425,459,-1,458,459,460,-1,460,459,461,-1,460,461,462,-1,437,432,463,-1,463,432,464,-1,463,464,465,-1,465,464,466,-1,465,466,467,-1,467,466,468,-1,467,468,469,-1,470,462,471,-1,471,462,472,-1,470,473,462,-1,462,473,474,-1,462,474,460,-1,469,475,467,-1,467,475,476,-1,467,476,477,-1,478,479,480,-1,477,481,467,-1,467,481,482,-1,467,482,483,-1,484,485,483,-1,483,485,486,-1,483,486,467,-1,462,487,472,-1,472,487,488,-1,472,488,480,-1,480,488,489,-1,480,489,478,-1,434,413,429,-1,429,413,415,-1,429,415,431,-1,431,415,490,-1,491,492,493,-1,445,494,426,-1,426,494,495,-1,426,495,496,-1,496,495,497,-1,496,497,498,-1,499,426,500,-1,500,426,496,-1,500,496,501,-1,501,496,502,-1,503,504,427,-1,503,427,505,-1,506,507,508,-1,509,510,499,-1,499,510,511,-1,499,511,426,-1,426,511,512,-1,426,512,427,-1,427,512,513,-1,427,513,505,-1,396,514,502,-1,502,514,515,-1,502,515,501,-1,501,515,516,-1,501,516,508,-1,508,516,517,-1,508,517,506,-1,507,518,508,-1,508,518,519,-1,508,519,504,-1,504,519,520,-1,520,521,504,-1,504,521,522,-1,504,522,523,-1,523,524,504,-1,504,524,525,-1,504,525,526,-1,527,528,529,-1,529,528,530,-1,529,530,531,-1,532,533,397,-1,533,534,397,-1,397,534,535,-1,397,535,395,-1,531,536,529,-1,529,536,537,-1,529,537,538,-1,526,539,504,-1,504,539,540,-1,504,540,427,-1,427,540,541,-1,527,529,542,-1,542,529,543,-1,542,543,544,-1,545,546,547,-1,547,546,548,-1,547,548,549,-1,549,548,550,-1,549,550,551,-1,552,553,554,-1,554,553,555,-1,554,555,556,-1,557,558,394,-1,394,558,559,-1,394,559,392,-1,392,559,551,-1,392,551,560,-1,560,551,550,-1,560,550,556,-1,556,550,561,-1,556,561,554,-1,562,563,564,-1,564,563,565,-1,564,565,566,-1,567,568,569,-1,565,570,566,-1,566,570,571,-1,566,571,572,-1,572,571,567,-1,572,567,573,-1,573,567,569,-1,574,549,575,-1,576,577,578,-1,579,580,581,-1,582,583,581,-1,581,583,584,-1,581,584,579,-1,576,578,585,-1,585,578,586,-1,585,586,587,-1,588,589,590,-1,590,589,563,-1,590,563,547,-1,547,563,562,-1,547,562,545,-1,587,586,591,-1,591,586,592,-1,591,592,593,-1,593,592,594,-1,593,594,595,-1,596,597,598,-1,594,599,595,-1,595,599,600,-1,595,600,601,-1,601,600,602,-1,601,602,603,-1,603,602,596,-1,603,596,604,-1,604,596,598,-1,580,579,574,-1,574,579,605,-1,574,605,549,-1,549,605,389,-1,549,389,547,-1,547,389,391,-1,547,391,590,-1,606,607,608,-1,609,610,611,-1,611,610,612,-1,606,608,609,-1,609,608,613,-1,609,613,610,-1,610,613,614,-1,610,614,615,-1,615,614,616,-1,615,616,617,-1,617,616,618,-1,617,618,619,-1,620,621,622,-1,622,621,623,-1,622,623,624,-1,624,623,618,-1,618,623,625,-1,618,625,619,-1,607,606,626,-1,626,606,627,-1,626,627,628,-1,628,627,629,-1,628,629,630,-1,630,629,631,-1,630,631,632,-1,632,631,633,-1,632,633,634,-1,635,636,637,-1,637,636,638,-1,637,638,639,-1,639,638,634,-1,634,638,640,-1,634,640,632,-1,641,642,643,-1,643,642,644,-1,643,644,645,-1,645,644,646,-1,645,646,633,-1,633,646,647,-1,633,647,634,-1,641,648,649,-1,650,651,649,-1,649,651,611,-1,649,611,641,-1,641,611,612,-1,641,612,642,-1,652,653,654,-1,648,641,655,-1,655,641,643,-1,655,643,656,-1,656,643,645,-1,656,645,657,-1,657,645,633,-1,657,633,658,-1,659,660,661,-1,661,660,662,-1,661,662,663,-1,663,662,664,-1,663,664,665,-1,665,664,666,-1,665,666,650,-1,650,666,667,-1,650,667,651,-1,651,667,668,-1,651,668,669,-1,669,668,670,-1,669,670,671,-1,671,670,672,-1,671,672,673,-1,673,672,674,-1,673,674,675,-1,675,674,676,-1,675,676,633,-1,633,676,652,-1,633,652,658,-1,658,652,654,-1,677,678,592,-1,592,678,589,-1,592,589,594,-1,594,589,588,-1,678,679,589,-1,589,679,680,-1,589,680,563,-1,563,680,558,-1,563,558,565,-1,565,558,557,-1,681,682,683,-1,683,682,684,-1,683,684,543,-1,543,684,541,-1,543,541,544,-1,544,541,540,-1,609,677,606,-1,606,677,592,-1,606,592,627,-1,627,592,586,-1,627,586,629,-1,629,586,578,-1,679,681,680,-1,680,681,683,-1,680,683,558,-1,558,683,543,-1,558,543,559,-1,559,543,529,-1,682,685,684,-1,684,685,686,-1,684,686,541,-1,541,686,687,-1,541,687,427,-1,427,687,433,-1,427,433,449,-1,449,433,457,-1,685,688,686,-1,686,688,689,-1,686,689,687,-1,687,689,690,-1,687,690,433,-1,433,690,408,-1,433,408,434,-1,434,408,421,-1,688,691,689,-1,689,691,692,-1,689,692,690,-1,690,692,693,-1,690,693,408,-1,408,693,405,-1,408,405,406,-1,406,405,404,-1,575,694,695,-1,694,575,696,-1,696,575,631,-1,696,631,697,-1,697,631,629,-1,697,629,695,-1,695,629,578,-1,695,578,575,-1,575,578,577,-1,575,577,574,-1,397,698,699,-1,698,397,700,-1,700,397,551,-1,700,551,701,-1,701,551,559,-1,701,559,699,-1,699,559,529,-1,699,529,397,-1,397,529,538,-1,397,538,532,-1,396,502,397,-1,397,502,702,-1,397,702,551,-1,551,702,703,-1,551,703,549,-1,549,703,704,-1,549,704,575,-1,575,704,705,-1,575,705,631,-1,631,705,706,-1,631,706,633,-1,633,706,707,-1,633,707,675,-1,492,491,498,-1,498,491,708,-1,498,708,496,-1,496,708,709,-1,496,709,502,-1,502,709,710,-1,502,710,702,-1,702,710,711,-1,702,711,703,-1,703,711,712,-1,703,712,704,-1,704,712,713,-1,704,713,705,-1,705,713,714,-1,705,714,706,-1,706,714,715,-1,706,715,707,-1,401,403,716,-1,716,403,717,-1,716,717,718,-1,718,717,719,-1,718,719,412,-1,412,719,720,-1,412,720,410,-1,410,720,491,-1,410,491,415,-1,415,491,493,-1,415,493,490,-1,691,721,692,-1,692,721,722,-1,692,722,693,-1,693,722,723,-1,693,723,405,-1,405,723,724,-1,405,724,403,-1,403,724,725,-1,403,725,717,-1,717,725,726,-1,717,726,719,-1,719,726,727,-1,728,715,729,-1,729,715,714,-1,729,714,730,-1,730,714,713,-1,730,713,731,-1,731,713,712,-1,731,712,732,-1,732,712,711,-1,732,711,733,-1,733,711,710,-1,733,710,734,-1,734,710,709,-1,734,709,735,-1,735,709,708,-1,735,708,736,-1,736,708,491,-1,736,491,737,-1,737,491,720,-1,737,720,738,-1,738,720,719,-1,738,719,739,-1,739,719,727,-1,739,727,740,-1,741,742,743,-1,743,742,744,-1,745,746,747,-1,747,746,748,-1,749,750,751,-1,751,750,752,-1,753,754,755,-1,755,754,756,-1,757,758,752,-1,759,760,750,-1,750,760,761,-1,750,761,752,-1,752,761,762,-1,752,762,757,-1,763,764,756,-1,765,766,754,-1,754,766,767,-1,754,767,756,-1,756,767,768,-1,756,768,763,-1,769,770,744,-1,771,772,742,-1,742,772,773,-1,742,773,744,-1,744,773,774,-1,744,774,769,-1,775,776,748,-1,777,778,746,-1,746,778,779,-1,746,779,748,-1,748,779,780,-1,748,780,775,-1,781,782,783,-1,783,782,784,-1,785,771,741,-1,741,771,742,-1,786,787,743,-1,743,787,788,-1,743,788,741,-1,741,788,789,-1,741,789,785,-1,785,789,790,-1,791,790,747,-1,747,790,789,-1,747,789,745,-1,745,789,792,-1,745,792,793,-1,793,792,794,-1,776,791,748,-1,748,791,747,-1,791,776,790,-1,790,776,775,-1,790,775,795,-1,771,785,772,-1,772,785,790,-1,772,790,796,-1,796,790,797,-1,795,798,790,-1,790,798,799,-1,790,799,797,-1,793,777,745,-1,745,777,746,-1,800,794,751,-1,751,794,792,-1,751,792,749,-1,749,792,801,-1,749,801,802,-1,802,801,803,-1,758,800,752,-1,752,800,751,-1,777,793,778,-1,778,793,794,-1,800,758,794,-1,794,758,757,-1,794,804,805,-1,757,806,794,-1,794,806,807,-1,794,807,804,-1,805,808,794,-1,794,808,809,-1,794,809,778,-1,802,759,749,-1,749,759,750,-1,755,810,803,-1,811,812,813,-1,813,753,811,-1,811,753,755,-1,811,755,801,-1,801,755,803,-1,764,810,756,-1,756,810,755,-1,759,802,760,-1,760,802,803,-1,760,803,814,-1,814,803,815,-1,810,764,803,-1,803,764,763,-1,803,763,816,-1,816,817,803,-1,803,817,818,-1,803,818,815,-1,813,765,753,-1,753,765,754,-1,788,787,811,-1,811,787,812,-1,770,786,744,-1,744,786,743,-1,786,770,787,-1,787,770,769,-1,787,769,819,-1,765,813,766,-1,766,813,812,-1,766,812,820,-1,820,812,821,-1,819,822,787,-1,787,822,783,-1,787,783,812,-1,812,783,784,-1,812,784,821,-1,
        ]
    }
}
Shape{
    appearance Appearance {
        material  Material 	{
            diffuseColor 0.0 0.0 0.0
            specularColor 0.0 0.0 0.0
            ambientIntensity 0.2
            transparency 0
            shininess 0.5
        }
    }
    geometry IndexedFaceSet {
        ccw TRUE
        solid FALSE
        coord DEF co Coordinate {
            point [
                8.6457 -6.811 -3.8976, 8.6783 -6.8898 -3.8976, -9.2717 -6.811 -3.8976, -9.3504 -6.8898 -3.8976, -9.2717 6.811 -3.8976, -9.3504 6.8898 -3.8976, 9.2717 6.811 -3.8976, 9.3504 6.8898 -3.8976, 9.2717 -6.1851 -3.8976, 9.3504 -6.2177 -3.8976, 8.6457 -6.811 -3.937, -0.0 -6.811 -3.937, -8.7402 -6.811 -3.937, -9.2717 -6.811 -3.937, 9.2717 -6.1851 -3.937, 9.2717 -5.8858 -3.937, 9.2717 -3.937 -3.937, 9.2717 2.3622 -3.937, 9.2717 6.811 -3.937, 9.2717 -2.3622 -3.937, 9.2717 -0.7874 -3.937, 9.2717 0.7874 -3.937, -8.7402 6.811 -3.937, -9.2717 6.811 -3.937, -0.0 6.811 -3.937, -9.2717 -2.3622 -3.937, -9.2717 -3.937 -3.937, -9.2717 -5.8858 -3.937, -9.2717 2.3622 -3.937, -9.2717 0.7874 -3.937, -9.2717 -0.7874 -3.937, -8.2087 -0.0 -3.8976, -8.2087 0.0 -3.937, -8.2006 0.0611 -3.8976, -8.2006 0.0611 -3.937, -8.177 0.1181 -3.8976, -8.177 0.1181 -3.937, -8.1395 0.167 -3.8976, -8.1395 0.167 -3.937, -8.0906 0.2046 -3.8976, -8.0906 0.2046 -3.937, -8.0336 0.2282 -3.8976, -8.0336 0.2282 -3.937, -7.9724 0.2362 -3.8976, -7.9724 0.2362 -3.937, -7.9113 0.2282 -3.8976, -7.9113 0.2282 -3.937, -7.8543 0.2046 -3.8976, -7.8543 0.2046 -3.937, -7.8054 0.167 -3.8976, -7.8054 0.167 -3.937, -7.7679 0.1181 -3.8976, -7.7679 0.1181 -3.937, -7.7443 0.0611 -3.8976, -7.7443 0.0611 -3.937, -7.7362 0.0 -3.8976, -7.7362 0.0 -3.937, -7.7443 -0.0611 -3.8976, -7.7443 -0.0611 -3.937, -7.7679 -0.1181 -3.8976, -7.7679 -0.1181 -3.937, -7.8054 -0.167 -3.8976, -7.8054 -0.167 -3.937, -7.8543 -0.2046 -3.8976, -7.8543 -0.2046 -3.937, -7.9113 -0.2282 -3.8976, -7.9113 -0.2282 -3.937, -7.9724 -0.2362 -3.8976, -7.9724 -0.2362 -3.937, -8.0336 -0.2282 -3.8976, -8.0336 -0.2282 -3.937, -8.0906 -0.2046 -3.8976, -8.0906 -0.2046 -3.937, -8.1395 -0.167 -3.8976, -8.1395 -0.167 -3.937, -8.177 -0.1181 -3.8976, -8.177 -0.1181 -3.937, -8.2006 -0.0611 -3.8976, -8.2006 -0.0611 -3.937, -7.9724 0.1969 -3.8976, -7.9215 0.1901 -3.8976, -7.874 0.1705 -3.8976, -7.8332 0.1392 -3.8976, -7.802 0.0984 -3.8976, -7.7823 0.0509 -3.8976, -7.7756 0.0 -3.8976, -7.7823 -0.0509 -3.8976, -7.802 -0.0984 -3.8976, -7.8332 -0.1392 -3.8976, -7.874 -0.1705 -3.8976, -7.9215 -0.1901 -3.8976, -7.9724 -0.1969 -3.8976, -8.0234 -0.1901 -3.8976, -8.0709 -0.1705 -3.8976, -8.1116 -0.1392 -3.8976, -8.1429 -0.0984 -3.8976, -8.1626 -0.0509 -3.8976, -8.1693 0.0 -3.8976, -8.1626 0.0509 -3.8976, -8.1429 0.0984 -3.8976, -8.1116 0.1392 -3.8976, -8.0709 0.1705 -3.8976, -8.0234 0.1901 -3.8976, -8.2087 -4.7244 -3.8976, -8.2087 -4.7244 -3.937, -8.2006 -4.6633 -3.8976, -8.2006 -4.6633 -3.937, -8.177 -4.6063 -3.8976, -8.177 -4.6063 -3.937, -8.1395 -4.5574 -3.8976, -8.1395 -4.5574 -3.937, -8.0906 -4.5198 -3.8976, -8.0906 -4.5198 -3.937, -8.0336 -4.4962 -3.8976, -8.0336 -4.4962 -3.937, -7.9724 -4.4882 -3.8976, -7.9724 -4.4882 -3.937, -7.9113 -4.4962 -3.8976, -7.9113 -4.4962 -3.937, -7.8543 -4.5198 -3.8976, -7.8543 -4.5198 -3.937, -7.8054 -4.5574 -3.8976, -7.8054 -4.5574 -3.937, -7.7679 -4.6063 -3.8976, -7.7679 -4.6063 -3.937, -7.7443 -4.6633 -3.8976, -7.7443 -4.6633 -3.937, -7.7362 -4.7244 -3.8976, -7.7362 -4.7244 -3.937, -7.7443 -4.7855 -3.8976, -7.7443 -4.7855 -3.937, -7.7679 -4.8425 -3.8976, -7.7679 -4.8425 -3.937, -7.8054 -4.8914 -3.8976, -7.8054 -4.8914 -3.937, -7.8543 -4.929 -3.8976, -7.8543 -4.929 -3.937, -7.9113 -4.9526 -3.8976, -7.9113 -4.9526 -3.937, -7.9724 -4.9606 -3.8976, -7.9724 -4.9606 -3.937, -8.0336 -4.9526 -3.8976, -8.0336 -4.9526 -3.937, -8.0906 -4.929 -3.8976, -8.0906 -4.929 -3.937, -8.1395 -4.8914 -3.8976, -8.1395 -4.8914 -3.937, -8.177 -4.8425 -3.8976, -8.177 -4.8425 -3.937, -8.2006 -4.7855 -3.8976, -8.2006 -4.7855 -3.937, -8.1116 -4.5852 -3.8976, -8.0709 -4.5539 -3.8976, -8.0234 -4.5343 -3.8976, -7.9724 -4.5276 -3.8976, -7.9215 -4.5343 -3.8976, -7.874 -4.5539 -3.8976, -7.8332 -4.5852 -3.8976, -7.802 -4.626 -3.8976, -7.7823 -4.6735 -3.8976, -7.7756 -4.7244 -3.8976, -7.7823 -4.7754 -3.8976, -7.802 -4.8228 -3.8976, -7.8332 -4.8636 -3.8976, -7.874 -4.8949 -3.8976, -7.9215 -4.9146 -3.8976, -7.9724 -4.9213 -3.8976, -8.0234 -4.9146 -3.8976, -8.0709 -4.8949 -3.8976, -8.1116 -4.8636 -3.8976, -8.1429 -4.8228 -3.8976, -8.1626 -4.7754 -3.8976, -8.1693 -4.7244 -3.8976, -8.1626 -4.6735 -3.8976, -8.1429 -4.626 -3.8976, 7.7362 -0.0 -3.8976, 7.7362 0.0 -3.937, 7.7443 0.0611 -3.8976, 7.7443 0.0611 -3.937, 7.7679 0.1181 -3.8976, 7.7679 0.1181 -3.937, 7.8054 0.167 -3.8976, 7.8054 0.167 -3.937, 7.8543 0.2046 -3.8976, 7.8543 0.2046 -3.937, 7.9113 0.2282 -3.8976, 7.9113 0.2282 -3.937, 7.9724 0.2362 -3.8976, 7.9724 0.2362 -3.937, 8.0336 0.2282 -3.8976, 8.0336 0.2282 -3.937, 8.0906 0.2046 -3.8976, 8.0906 0.2046 -3.937, 8.1395 0.167 -3.8976, 8.1395 0.167 -3.937, 8.177 0.1181 -3.8976, 8.177 0.1181 -3.937, 8.2006 0.0611 -3.8976, 8.2006 0.0611 -3.937, 8.2087 0.0 -3.8976, 8.2087 0.0 -3.937, 8.2006 -0.0611 -3.8976, 8.2006 -0.0611 -3.937, 8.177 -0.1181 -3.8976, 8.177 -0.1181 -3.937, 8.1395 -0.167 -3.8976, 8.1395 -0.167 -3.937, 8.0906 -0.2046 -3.8976, 8.0906 -0.2046 -3.937, 8.0336 -0.2282 -3.8976, 8.0336 -0.2282 -3.937, 7.9724 -0.2362 -3.8976, 7.9724 -0.2362 -3.937, 7.9113 -0.2282 -3.8976, 7.9113 -0.2282 -3.937, 7.8543 -0.2046 -3.8976, 7.8543 -0.2046 -3.937, 7.8054 -0.167 -3.8976, 7.8054 -0.167 -3.937, 7.7679 -0.1181 -3.8976, 7.7679 -0.1181 -3.937, 7.7443 -0.0611 -3.8976, 7.7443 -0.0611 -3.937, 7.9724 0.0 -3.8976, 7.7362 1.5748 -3.8976, 7.7362 1.5748 -3.937, 7.7443 1.6359 -3.8976, 7.7443 1.6359 -3.937, 7.7679 1.6929 -3.8976, 7.7679 1.6929 -3.937, 7.8054 1.7418 -3.8976, 7.8054 1.7418 -3.937, 7.8543 1.7794 -3.8976, 7.8543 1.7794 -3.937, 7.9113 1.803 -3.8976, 7.9113 1.803 -3.937, 7.9724 1.811 -3.8976, 7.9724 1.811 -3.937, 8.0336 1.803 -3.8976, 8.0336 1.803 -3.937, 8.0906 1.7794 -3.8976, 8.0906 1.7794 -3.937, 8.1395 1.7418 -3.8976, 8.1395 1.7418 -3.937, 8.177 1.6929 -3.8976, 8.177 1.6929 -3.937, 8.2006 1.6359 -3.8976, 8.2006 1.6359 -3.937, 8.2087 1.5748 -3.8976, 8.2087 1.5748 -3.937, 8.2006 1.5137 -3.8976, 8.2006 1.5137 -3.937, 8.177 1.4567 -3.8976, 8.177 1.4567 -3.937, 8.1395 1.4078 -3.8976, 8.1395 1.4078 -3.937, 8.0906 1.3702 -3.8976, 8.0906 1.3702 -3.937, 8.0336 1.3466 -3.8976, 8.0336 1.3466 -3.937, 7.9724 1.3386 -3.8976, 7.9724 1.3386 -3.937, 7.9113 1.3466 -3.8976, 7.9113 1.3466 -3.937, 7.8543 1.3702 -3.8976, 7.8543 1.3702 -3.937, 7.8054 1.4078 -3.8976, 7.8054 1.4078 -3.937, 7.7679 1.4567 -3.8976, 7.7679 1.4567 -3.937, 7.7443 1.5137 -3.8976, 7.7443 1.5137 -3.937, 7.9724 1.5748 -3.8976, 7.7362 3.1496 -3.8976, 7.7362 3.1496 -3.937, 7.7443 3.2107 -3.8976, 7.7443 3.2107 -3.937, 7.7679 3.2677 -3.8976, 7.7679 3.2677 -3.937, 7.8054 3.3166 -3.8976, 7.8054 3.3166 -3.937, 7.8543 3.3542 -3.8976, 7.8543 3.3542 -3.937, 7.9113 3.3778 -3.8976, 7.9113 3.3778 -3.937, 7.9724 3.3858 -3.8976, 7.9724 3.3858 -3.937, 8.0336 3.3778 -3.8976, 8.0336 3.3778 -3.937, 8.0906 3.3542 -3.8976, 8.0906 3.3542 -3.937, 8.1395 3.3166 -3.8976, 8.1395 3.3166 -3.937, 8.177 3.2677 -3.8976, 8.177 3.2677 -3.937, 8.2006 3.2107 -3.8976, 8.2006 3.2107 -3.937, 8.2087 3.1496 -3.8976, 8.2087 3.1496 -3.937, 8.2006 3.0885 -3.8976, 8.2006 3.0885 -3.937, 8.177 3.0315 -3.8976, 8.177 3.0315 -3.937, 8.1395 2.9826 -3.8976, 8.1395 2.9826 -3.937, 8.0906 2.945 -3.8976, 8.0906 2.945 -3.937, 8.0336 2.9214 -3.8976, 8.0336 2.9214 -3.937, 7.9724 2.9134 -3.8976, 7.9724 2.9134 -3.937, 7.9113 2.9214 -3.8976, 7.9113 2.9214 -3.937, 7.8543 2.945 -3.8976, 7.8543 2.945 -3.937, 7.8054 2.9826 -3.8976, 7.8054 2.9826 -3.937, 7.7679 3.0315 -3.8976, 7.7679 3.0315 -3.937, 7.7443 3.0885 -3.8976, 7.7443 3.0885 -3.937, 7.8332 3.2888 -3.8976, 7.874 3.3201 -3.8976, 7.9215 3.3397 -3.8976, 7.9724 3.3465 -3.8976, 8.0234 3.3397 -3.8976, 8.0709 3.3201 -3.8976, 8.1116 3.2888 -3.8976, 8.1429 3.248 -3.8976, 8.1626 3.2006 -3.8976, 8.1693 3.1496 -3.8976, 8.1626 3.0987 -3.8976, 8.1429 3.0512 -3.8976, 8.1116 3.0104 -3.8976, 8.0709 2.9791 -3.8976, 8.0234 2.9595 -3.8976, 7.9724 2.9528 -3.8976, 7.9215 2.9595 -3.8976, 7.874 2.9791 -3.8976, 7.8332 3.0104 -3.8976, 7.802 3.0512 -3.8976, 7.7823 3.0987 -3.8976, 7.7756 3.1496 -3.8976, 7.7823 3.2006 -3.8976, 7.802 3.248 -3.8976, 7.7362 -1.5748 -3.8976, 7.7362 -1.5748 -3.937, 7.7443 -1.5137 -3.8976, 7.7443 -1.5137 -3.937, 7.7679 -1.4567 -3.8976, 7.7679 -1.4567 -3.937, 7.8054 -1.4078 -3.8976, 7.8054 -1.4078 -3.937, 7.8543 -1.3702 -3.8976, 7.8543 -1.3702 -3.937, 7.9113 -1.3466 -3.8976, 7.9113 -1.3466 -3.937, 7.9724 -1.3386 -3.8976, 7.9724 -1.3386 -3.937, 8.0336 -1.3466 -3.8976, 8.0336 -1.3466 -3.937, 8.0906 -1.3702 -3.8976, 8.0906 -1.3702 -3.937, 8.1395 -1.4078 -3.8976, 8.1395 -1.4078 -3.937, 8.177 -1.4567 -3.8976, 8.177 -1.4567 -3.937, 8.2006 -1.5137 -3.8976, 8.2006 -1.5137 -3.937, 8.2087 -1.5748 -3.8976, 8.2087 -1.5748 -3.937, 8.2006 -1.6359 -3.8976, 8.2006 -1.6359 -3.937, 8.177 -1.6929 -3.8976, 8.177 -1.6929 -3.937, 8.1395 -1.7418 -3.8976, 8.1395 -1.7418 -3.937, 8.0906 -1.7794 -3.8976, 8.0906 -1.7794 -3.937, 8.0336 -1.803 -3.8976, 8.0336 -1.803 -3.937, 7.9724 -1.811 -3.8976, 7.9724 -1.811 -3.937, 7.9113 -1.803 -3.8976, 7.9113 -1.803 -3.937, 7.8543 -1.7794 -3.8976, 7.8543 -1.7794 -3.937, 7.8054 -1.7418 -3.8976, 7.8054 -1.7418 -3.937, 7.7679 -1.6929 -3.8976, 7.7679 -1.6929 -3.937, 7.7443 -1.6359 -3.8976, 7.7443 -1.6359 -3.937, 7.9724 -1.5748 -3.8976, 7.7362 -3.1496 -3.8976, 7.7362 -3.1496 -3.937, 7.7443 -3.0885 -3.8976, 7.7443 -3.0885 -3.937, 7.7679 -3.0315 -3.8976, 7.7679 -3.0315 -3.937, 7.8054 -2.9826 -3.8976, 7.8054 -2.9826 -3.937, 7.8543 -2.945 -3.8976, 7.8543 -2.945 -3.937, 7.9113 -2.9214 -3.8976, 7.9113 -2.9214 -3.937, 7.9724 -2.9134 -3.8976, 7.9724 -2.9134 -3.937, 8.0336 -2.9214 -3.8976, 8.0336 -2.9214 -3.937, 8.0906 -2.945 -3.8976, 8.0906 -2.945 -3.937, 8.1395 -2.9826 -3.8976, 8.1395 -2.9826 -3.937, 8.177 -3.0315 -3.8976, 8.177 -3.0315 -3.937, 8.2006 -3.0885 -3.8976, 8.2006 -3.0885 -3.937, 8.2087 -3.1496 -3.8976, 8.2087 -3.1496 -3.937, 8.2006 -3.2107 -3.8976, 8.2006 -3.2107 -3.937, 8.177 -3.2677 -3.8976, 8.177 -3.2677 -3.937, 8.1395 -3.3166 -3.8976, 8.1395 -3.3166 -3.937, 8.0906 -3.3542 -3.8976, 8.0906 -3.3542 -3.937, 8.0336 -3.3778 -3.8976, 8.0336 -3.3778 -3.937, 7.9724 -3.3858 -3.8976, 7.9724 -3.3858 -3.937, 7.9113 -3.3778 -3.8976, 7.9113 -3.3778 -3.937, 7.8543 -3.3542 -3.8976, 7.8543 -3.3542 -3.937, 7.8054 -3.3166 -3.8976, 7.8054 -3.3166 -3.937, 7.7679 -3.2677 -3.8976, 7.7679 -3.2677 -3.937, 7.7443 -3.2107 -3.8976, 7.7443 -3.2107 -3.937, 7.9724 -2.9528 -3.8976, 8.0234 -2.9595 -3.8976, 8.0709 -2.9791 -3.8976, 8.1116 -3.0104 -3.8976, 8.1429 -3.0512 -3.8976, 8.1626 -3.0987 -3.8976, 8.1693 -3.1496 -3.8976, 8.1626 -3.2006 -3.8976, 8.1429 -3.248 -3.8976, 8.1116 -3.2888 -3.8976, 8.0709 -3.3201 -3.8976, 8.0234 -3.3397 -3.8976, 7.9724 -3.3465 -3.8976, 7.9215 -3.3397 -3.8976, 7.874 -3.3201 -3.8976, 7.8332 -3.2888 -3.8976, 7.802 -3.248 -3.8976, 7.7823 -3.2006 -3.8976, 7.7756 -3.1496 -3.8976, 7.7823 -3.0987 -3.8976, 7.802 -3.0512 -3.8976, 7.8332 -3.0104 -3.8976, 7.874 -2.9791 -3.8976, 7.9215 -2.9595 -3.8976, -8.2087 4.7244 -3.8976, -8.2087 4.7244 -3.937, -8.2006 4.7855 -3.8976, -8.2006 4.7855 -3.937, -8.177 4.8425 -3.8976, -8.177 4.8425 -3.937, -8.1395 4.8914 -3.8976, -8.1395 4.8914 -3.937, -8.0906 4.929 -3.8976, -8.0906 4.929 -3.937, -8.0336 4.9526 -3.8976, -8.0336 4.9526 -3.937, -7.9724 4.9606 -3.8976, -7.9724 4.9606 -3.937, -7.9113 4.9526 -3.8976, -7.9113 4.9526 -3.937, -7.8543 4.929 -3.8976, -7.8543 4.929 -3.937, -7.8054 4.8914 -3.8976, -7.8054 4.8914 -3.937, -7.7679 4.8425 -3.8976, -7.7679 4.8425 -3.937, -7.7443 4.7855 -3.8976, -7.7443 4.7855 -3.937, -7.7362 4.7244 -3.8976, -7.7362 4.7244 -3.937, -7.7443 4.6633 -3.8976, -7.7443 4.6633 -3.937, -7.7679 4.6063 -3.8976, -7.7679 4.6063 -3.937, -7.8054 4.5574 -3.8976, -7.8054 4.5574 -3.937, -7.8543 4.5198 -3.8976, -7.8543 4.5198 -3.937, -7.9113 4.4962 -3.8976, -7.9113 4.4962 -3.937, -7.9724 4.4882 -3.8976, -7.9724 4.4882 -3.937, -8.0336 4.4962 -3.8976, -8.0336 4.4962 -3.937, -8.0906 4.5198 -3.8976, -8.0906 4.5198 -3.937, -8.1395 4.5574 -3.8976, -8.1395 4.5574 -3.937, -8.177 4.6063 -3.8976, -8.177 4.6063 -3.937, -8.2006 4.6633 -3.8976, -8.2006 4.6633 -3.937, -8.1116 4.8636 -3.8976, -8.0709 4.8949 -3.8976, -8.0234 4.9146 -3.8976, -7.9724 4.9213 -3.8976, -7.9215 4.9146 -3.8976, -7.874 4.8949 -3.8976, -7.8332 4.8636 -3.8976, -7.802 4.8228 -3.8976, -7.7823 4.7754 -3.8976, -7.7756 4.7244 -3.8976, -7.7823 4.6735 -3.8976, -7.802 4.626 -3.8976, -7.8332 4.5852 -3.8976, -7.874 4.5539 -3.8976, -7.9215 4.5343 -3.8976, -7.9724 4.5276 -3.8976, -8.0234 4.5343 -3.8976, -8.0709 4.5539 -3.8976, -8.1116 4.5852 -3.8976, -8.1429 4.626 -3.8976, -8.1626 4.6735 -3.8976, -8.1693 4.7244 -3.8976, -8.1626 4.7754 -3.8976, -8.1429 4.8228 -3.8976, -8.1429 4.8228 -3.8976
            ]
        }
        coordIndex [
            0,1,2,-1,2,1,3,-1,2,3,4,-1,4,3,5,-1,4,5,6,-1,6,5,7,-1,6,7,8,-1,8,7,9,-1,8,9,0,-1,0,9,1,-1,10,0,11,-1,11,0,2,-1,11,2,12,-1,12,2,13,-1,8,0,14,-1,14,0,10,-1,14,15,8,-1,8,15,16,-1,17,18,6,-1,16,19,8,-1,8,19,20,-1,8,20,6,-1,6,20,21,-1,6,21,17,-1,22,23,4,-1,22,4,24,-1,24,4,6,-1,24,6,18,-1,25,26,2,-1,2,26,27,-1,2,27,13,-1,23,28,4,-1,4,28,29,-1,4,29,2,-1,2,29,30,-1,2,30,25,-1,31,32,33,-1,33,32,34,-1,33,34,35,-1,35,34,36,-1,35,36,37,-1,37,36,38,-1,37,38,39,-1,39,38,40,-1,39,40,41,-1,41,40,42,-1,41,42,43,-1,43,42,44,-1,43,44,45,-1,45,44,46,-1,45,46,47,-1,47,46,48,-1,47,48,49,-1,49,48,50,-1,49,50,51,-1,51,50,52,-1,51,52,53,-1,53,52,54,-1,53,54,55,-1,55,54,56,-1,55,56,57,-1,57,56,58,-1,57,58,59,-1,59,58,60,-1,59,60,61,-1,61,60,62,-1,61,62,63,-1,63,62,64,-1,63,64,65,-1,65,64,66,-1,65,66,67,-1,67,66,68,-1,67,68,69,-1,69,68,70,-1,69,70,71,-1,71,70,72,-1,71,72,73,-1,73,72,74,-1,73,74,75,-1,75,74,76,-1,75,76,77,-1,77,76,78,-1,77,78,31,-1,31,78,32,-1,79,43,80,-1,80,43,45,-1,80,45,81,-1,81,45,47,-1,81,47,82,-1,82,47,49,-1,82,49,83,-1,83,49,51,-1,83,51,84,-1,84,51,53,-1,84,53,85,-1,85,53,55,-1,85,55,86,-1,86,55,57,-1,86,57,87,-1,87,57,59,-1,87,59,88,-1,88,59,61,-1,88,61,89,-1,89,61,63,-1,89,63,90,-1,90,63,65,-1,90,65,91,-1,91,65,67,-1,91,67,92,-1,92,67,69,-1,92,69,93,-1,93,69,71,-1,93,71,94,-1,94,71,73,-1,94,73,95,-1,95,73,75,-1,95,75,96,-1,96,75,77,-1,96,77,97,-1,97,77,31,-1,97,31,98,-1,98,31,33,-1,98,33,99,-1,99,33,35,-1,99,35,100,-1,100,35,37,-1,100,37,101,-1,101,37,39,-1,101,39,102,-1,102,39,41,-1,102,41,79,-1,79,41,43,-1,103,104,105,-1,105,104,106,-1,105,106,107,-1,107,106,108,-1,107,108,109,-1,109,108,110,-1,109,110,111,-1,111,110,112,-1,111,112,113,-1,113,112,114,-1,113,114,115,-1,115,114,116,-1,115,116,117,-1,117,116,118,-1,117,118,119,-1,119,118,120,-1,119,120,121,-1,121,120,122,-1,121,122,123,-1,123,122,124,-1,123,124,125,-1,125,124,126,-1,125,126,127,-1,127,126,128,-1,127,128,129,-1,129,128,130,-1,129,130,131,-1,131,130,132,-1,131,132,133,-1,133,132,134,-1,133,134,135,-1,135,134,136,-1,135,136,137,-1,137,136,138,-1,137,138,139,-1,139,138,140,-1,139,140,141,-1,141,140,142,-1,141,142,143,-1,143,142,144,-1,143,144,145,-1,145,144,146,-1,145,146,147,-1,147,146,148,-1,147,148,149,-1,149,148,150,-1,149,150,103,-1,103,150,104,-1,151,109,152,-1,152,109,111,-1,152,111,153,-1,153,111,113,-1,153,113,154,-1,154,113,115,-1,154,115,155,-1,155,115,117,-1,155,117,156,-1,156,117,119,-1,156,119,157,-1,157,119,121,-1,157,121,158,-1,158,121,123,-1,158,123,159,-1,159,123,125,-1,159,125,160,-1,160,125,127,-1,160,127,161,-1,161,127,129,-1,161,129,162,-1,162,129,131,-1,162,131,163,-1,163,131,133,-1,163,133,164,-1,164,133,135,-1,164,135,165,-1,165,135,137,-1,165,137,166,-1,166,137,139,-1,166,139,167,-1,167,139,141,-1,167,141,168,-1,168,141,143,-1,168,143,169,-1,169,143,145,-1,169,145,170,-1,170,145,147,-1,170,147,171,-1,171,147,149,-1,171,149,172,-1,172,149,103,-1,172,103,173,-1,173,103,105,-1,173,105,174,-1,174,105,107,-1,174,107,151,-1,151,107,109,-1,175,176,177,-1,177,176,178,-1,177,178,179,-1,179,178,180,-1,179,180,181,-1,181,180,182,-1,181,182,183,-1,183,182,184,-1,183,184,185,-1,185,184,186,-1,185,186,187,-1,187,186,188,-1,187,188,189,-1,189,188,190,-1,189,190,191,-1,191,190,192,-1,191,192,193,-1,193,192,194,-1,193,194,195,-1,195,194,196,-1,195,196,197,-1,197,196,198,-1,197,198,199,-1,199,198,200,-1,199,200,201,-1,201,200,202,-1,201,202,203,-1,203,202,204,-1,203,204,205,-1,205,204,206,-1,205,206,207,-1,207,206,208,-1,207,208,209,-1,209,208,210,-1,209,210,211,-1,211,210,212,-1,211,212,213,-1,213,212,214,-1,213,214,215,-1,215,214,216,-1,215,216,217,-1,217,216,218,-1,217,218,219,-1,219,218,220,-1,219,220,221,-1,221,220,222,-1,221,222,175,-1,175,222,176,-1,219,221,223,-1,223,221,175,-1,223,175,177,-1,213,215,223,-1,223,215,217,-1,223,217,219,-1,207,209,223,-1,223,209,211,-1,223,211,213,-1,201,203,223,-1,223,203,205,-1,223,205,207,-1,195,197,223,-1,223,197,199,-1,223,199,201,-1,189,191,223,-1,223,191,193,-1,223,193,195,-1,183,185,223,-1,223,185,187,-1,223,187,189,-1,177,179,223,-1,223,179,181,-1,223,181,183,-1,224,225,226,-1,226,225,227,-1,226,227,228,-1,228,227,229,-1,228,229,230,-1,230,229,231,-1,230,231,232,-1,232,231,233,-1,232,233,234,-1,234,233,235,-1,234,235,236,-1,236,235,237,-1,236,237,238,-1,238,237,239,-1,238,239,240,-1,240,239,241,-1,240,241,242,-1,242,241,243,-1,242,243,244,-1,244,243,245,-1,244,245,246,-1,246,245,247,-1,246,247,248,-1,248,247,249,-1,248,249,250,-1,250,249,251,-1,250,251,252,-1,252,251,253,-1,252,253,254,-1,254,253,255,-1,254,255,256,-1,256,255,257,-1,256,257,258,-1,258,257,259,-1,258,259,260,-1,260,259,261,-1,260,261,262,-1,262,261,263,-1,262,263,264,-1,264,263,265,-1,264,265,266,-1,266,265,267,-1,266,267,268,-1,268,267,269,-1,268,269,270,-1,270,269,271,-1,270,271,224,-1,224,271,225,-1,268,270,272,-1,272,270,224,-1,272,224,226,-1,262,264,272,-1,272,264,266,-1,272,266,268,-1,256,258,272,-1,272,258,260,-1,272,260,262,-1,250,252,272,-1,272,252,254,-1,272,254,256,-1,244,246,272,-1,272,246,248,-1,272,248,250,-1,238,240,272,-1,272,240,242,-1,272,242,244,-1,232,234,272,-1,272,234,236,-1,272,236,238,-1,226,228,272,-1,272,228,230,-1,272,230,232,-1,273,274,275,-1,275,274,276,-1,275,276,277,-1,277,276,278,-1,277,278,279,-1,279,278,280,-1,279,280,281,-1,281,280,282,-1,281,282,283,-1,283,282,284,-1,283,284,285,-1,285,284,286,-1,285,286,287,-1,287,286,288,-1,287,288,289,-1,289,288,290,-1,289,290,291,-1,291,290,292,-1,291,292,293,-1,293,292,294,-1,293,294,295,-1,295,294,296,-1,295,296,297,-1,297,296,298,-1,297,298,299,-1,299,298,300,-1,299,300,301,-1,301,300,302,-1,301,302,303,-1,303,302,304,-1,303,304,305,-1,305,304,306,-1,305,306,307,-1,307,306,308,-1,307,308,309,-1,309,308,310,-1,309,310,311,-1,311,310,312,-1,311,312,313,-1,313,312,314,-1,313,314,315,-1,315,314,316,-1,315,316,317,-1,317,316,318,-1,317,318,319,-1,319,318,320,-1,319,320,273,-1,273,320,274,-1,321,279,322,-1,322,279,281,-1,322,281,323,-1,323,281,283,-1,323,283,324,-1,324,283,285,-1,324,285,325,-1,325,285,287,-1,325,287,326,-1,326,287,289,-1,326,289,327,-1,327,289,291,-1,327,291,328,-1,328,291,293,-1,328,293,329,-1,329,293,295,-1,329,295,330,-1,330,295,297,-1,330,297,331,-1,331,297,299,-1,331,299,332,-1,332,299,301,-1,332,301,333,-1,333,301,303,-1,333,303,334,-1,334,303,305,-1,334,305,335,-1,335,305,307,-1,335,307,336,-1,336,307,309,-1,336,309,337,-1,337,309,311,-1,337,311,338,-1,338,311,313,-1,338,313,339,-1,339,313,315,-1,339,315,340,-1,340,315,317,-1,340,317,341,-1,341,317,319,-1,341,319,342,-1,342,319,273,-1,342,273,343,-1,343,273,275,-1,343,275,344,-1,344,275,277,-1,344,277,321,-1,321,277,279,-1,345,346,347,-1,347,346,348,-1,347,348,349,-1,349,348,350,-1,349,350,351,-1,351,350,352,-1,351,352,353,-1,353,352,354,-1,353,354,355,-1,355,354,356,-1,355,356,357,-1,357,356,358,-1,357,358,359,-1,359,358,360,-1,359,360,361,-1,361,360,362,-1,361,362,363,-1,363,362,364,-1,363,364,365,-1,365,364,366,-1,365,366,367,-1,367,366,368,-1,367,368,369,-1,369,368,370,-1,369,370,371,-1,371,370,372,-1,371,372,373,-1,373,372,374,-1,373,374,375,-1,375,374,376,-1,375,376,377,-1,377,376,378,-1,377,378,379,-1,379,378,380,-1,379,380,381,-1,381,380,382,-1,381,382,383,-1,383,382,384,-1,383,384,385,-1,385,384,386,-1,385,386,387,-1,387,386,388,-1,387,388,389,-1,389,388,390,-1,389,390,391,-1,391,390,392,-1,391,392,345,-1,345,392,346,-1,389,391,393,-1,393,391,345,-1,393,345,347,-1,383,385,393,-1,393,385,387,-1,393,387,389,-1,377,379,393,-1,393,379,381,-1,393,381,383,-1,371,373,393,-1,393,373,375,-1,393,375,377,-1,365,367,393,-1,393,367,369,-1,393,369,371,-1,359,361,393,-1,393,361,363,-1,393,363,365,-1,353,355,393,-1,393,355,357,-1,393,357,359,-1,347,349,393,-1,393,349,351,-1,393,351,353,-1,394,395,396,-1,396,395,397,-1,396,397,398,-1,398,397,399,-1,398,399,400,-1,400,399,401,-1,400,401,402,-1,402,401,403,-1,402,403,404,-1,404,403,405,-1,404,405,406,-1,406,405,407,-1,406,407,408,-1,408,407,409,-1,408,409,410,-1,410,409,411,-1,410,411,412,-1,412,411,413,-1,412,413,414,-1,414,413,415,-1,414,415,416,-1,416,415,417,-1,416,417,418,-1,418,417,419,-1,418,419,420,-1,420,419,421,-1,420,421,422,-1,422,421,423,-1,422,423,424,-1,424,423,425,-1,424,425,426,-1,426,425,427,-1,426,427,428,-1,428,427,429,-1,428,429,430,-1,430,429,431,-1,430,431,432,-1,432,431,433,-1,432,433,434,-1,434,433,435,-1,434,435,436,-1,436,435,437,-1,436,437,438,-1,438,437,439,-1,438,439,440,-1,440,439,441,-1,440,441,394,-1,394,441,395,-1,442,406,443,-1,443,406,408,-1,443,408,444,-1,444,408,410,-1,444,410,445,-1,445,410,412,-1,445,412,446,-1,446,412,414,-1,446,414,447,-1,447,414,416,-1,447,416,448,-1,448,416,418,-1,448,418,449,-1,449,418,420,-1,449,420,450,-1,450,420,422,-1,450,422,451,-1,451,422,424,-1,451,424,452,-1,452,424,426,-1,452,426,453,-1,453,426,428,-1,453,428,454,-1,454,428,430,-1,454,430,455,-1,455,430,432,-1,455,432,456,-1,456,432,434,-1,456,434,457,-1,457,434,436,-1,457,436,458,-1,458,436,438,-1,458,438,459,-1,459,438,440,-1,459,440,460,-1,460,440,394,-1,460,394,461,-1,461,394,396,-1,461,396,462,-1,462,396,398,-1,462,398,463,-1,463,398,400,-1,463,400,464,-1,464,400,402,-1,464,402,465,-1,465,402,404,-1,465,404,442,-1,442,404,406,-1,466,467,468,-1,468,467,469,-1,468,469,470,-1,470,469,471,-1,470,471,472,-1,472,471,473,-1,472,473,474,-1,474,473,475,-1,474,475,476,-1,476,475,477,-1,476,477,478,-1,478,477,479,-1,478,479,480,-1,480,479,481,-1,480,481,482,-1,482,481,483,-1,482,483,484,-1,484,483,485,-1,484,485,486,-1,486,485,487,-1,486,487,488,-1,488,487,489,-1,488,489,490,-1,490,489,491,-1,490,491,492,-1,492,491,493,-1,492,493,494,-1,494,493,495,-1,494,495,496,-1,496,495,497,-1,496,497,498,-1,498,497,499,-1,498,499,500,-1,500,499,501,-1,500,501,502,-1,502,501,503,-1,502,503,504,-1,504,503,505,-1,504,505,506,-1,506,505,507,-1,506,507,508,-1,508,507,509,-1,508,509,510,-1,510,509,511,-1,510,511,512,-1,512,511,513,-1,512,513,466,-1,466,513,467,-1,514,472,515,-1,515,472,474,-1,515,474,516,-1,516,474,476,-1,516,476,517,-1,517,476,478,-1,517,478,518,-1,518,478,480,-1,518,480,519,-1,519,480,482,-1,519,482,520,-1,520,482,484,-1,520,484,521,-1,521,484,486,-1,521,486,522,-1,522,486,488,-1,522,488,523,-1,523,488,490,-1,523,490,524,-1,524,490,492,-1,524,492,525,-1,525,492,494,-1,525,494,526,-1,526,494,496,-1,526,496,527,-1,527,496,498,-1,527,498,528,-1,528,498,500,-1,528,500,529,-1,529,500,502,-1,529,502,530,-1,530,502,504,-1,530,504,531,-1,531,504,506,-1,531,506,532,-1,532,506,508,-1,532,508,533,-1,533,508,510,-1,533,510,534,-1,534,510,512,-1,534,512,535,-1,535,512,466,-1,535,466,536,-1,536,466,468,-1,536,468,537,-1,537,468,470,-1,537,470,514,-1,514,470,472,-1,
        ]
    }
}
Shape{
    appearance Appearance {
        material  Material 	{
            diffuseColor 1.0 1.0 1.0
            specularColor 0.5019607843137255 0.5019607843137255 0.5019607843137255
            ambientIntensity 0.2
            transparency 0
            shininess 0.5
        }
    }
    geometry IndexedFaceSet {
        ccw TRUE
        solid FALSE
        coord DEF co Coordinate {
            point [
                -7.7756 4.7244 -3.8976, -7.7823 4.7754 -6.4961, -7.7823 4.7754 -3.8976, -7.802 4.8228 -6.4961, -7.802 4.8228 -3.8976, -7.8332 4.8636 -6.4961, -7.8332 4.8636 -3.8976, -7.874 4.8949 -6.4961, -7.874 4.8949 -3.8976, -7.9215 4.9146 -6.4961, -7.9215 4.9146 -3.8976, -7.9724 4.9213 -6.4961, -7.9724 4.9213 -3.8976, -8.0234 4.9146 -6.4961, -8.0234 4.9146 -3.8976, -8.0709 4.8949 -6.4961, -8.0709 4.8949 -3.8976, -8.1116 4.8636 -6.4961, -8.1116 4.8636 -3.8976, -8.1429 4.8228 -6.4961, -8.1429 4.8228 -3.8976, -8.1626 4.7754 -6.4961, -8.1626 4.7754 -3.8976, -8.1693 4.7244 -6.4961, -8.1693 4.7244 -3.8976, -8.1626 4.6735 -6.4961, -8.1626 4.6735 -3.8976, -8.1429 4.626 -6.4961, -8.1429 4.626 -3.8976, -8.1116 4.5852 -6.4961, -8.1116 4.5852 -3.8976, -8.0709 4.5539 -6.4961, -8.0709 4.5539 -3.8976, -8.0234 4.5343 -6.4961, -8.0234 4.5343 -3.8976, -7.9724 4.5276 -6.4961, -7.9724 4.5276 -3.8976, -7.9215 4.5343 -6.4961, -7.9215 4.5343 -3.8976, -7.874 4.5539 -6.4961, -7.874 4.5539 -3.8976, -7.8332 4.5852 -6.4961, -7.8332 4.5852 -3.8976, -7.802 4.626 -6.4961, -7.802 4.626 -3.8976, -7.7823 4.6735 -6.4961, -7.7823 4.6735 -3.8976, -7.7756 4.7244 -6.4961, -7.9724 4.7244 -6.4961, -7.7756 0.0 -3.8976, -7.7823 0.0509 -6.4961, -7.7823 0.0509 -3.8976, -7.802 0.0984 -6.4961, -7.802 0.0984 -3.8976, -7.8332 0.1392 -6.4961, -7.8332 0.1392 -3.8976, -7.874 0.1705 -6.4961, -7.874 0.1705 -3.8976, -7.9215 0.1901 -6.4961, -7.9215 0.1901 -3.8976, -7.9724 0.1969 -6.4961, -7.9724 0.1969 -3.8976, -8.0234 0.1901 -6.4961, -8.0234 0.1901 -3.8976, -8.0709 0.1705 -6.4961, -8.0709 0.1705 -3.8976, -8.1116 0.1392 -6.4961, -8.1116 0.1392 -3.8976, -8.1429 0.0984 -6.4961, -8.1429 0.0984 -3.8976, -8.1626 0.0509 -6.4961, -8.1626 0.0509 -3.8976, -8.1693 0.0 -6.4961, -8.1693 0.0 -3.8976, -8.1626 -0.0509 -6.4961, -8.1626 -0.0509 -3.8976, -8.1429 -0.0984 -6.4961, -8.1429 -0.0984 -3.8976, -8.1116 -0.1392 -6.4961, -8.1116 -0.1392 -3.8976, -8.0709 -0.1705 -6.4961, -8.0709 -0.1705 -3.8976, -8.0234 -0.1901 -6.4961, -8.0234 -0.1901 -3.8976, -7.9724 -0.1969 -6.4961, -7.9724 -0.1969 -3.8976, -7.9215 -0.1901 -6.4961, -7.9215 -0.1901 -3.8976, -7.874 -0.1705 -6.4961, -7.874 -0.1705 -3.8976, -7.8332 -0.1392 -6.4961, -7.8332 -0.1392 -3.8976, -7.802 -0.0984 -6.4961, -7.802 -0.0984 -3.8976, -7.7823 -0.0509 -6.4961, -7.7823 -0.0509 -3.8976, -7.7756 0.0 -6.4961, -7.9724 0.0 -6.4961, -7.7756 -4.7244 -3.8976, -7.7823 -4.6735 -6.4961, -7.7823 -4.6735 -3.8976, -7.802 -4.626 -6.4961, -7.802 -4.626 -3.8976, -7.8332 -4.5852 -6.4961, -7.8332 -4.5852 -3.8976, -7.874 -4.5539 -6.4961, -7.874 -4.5539 -3.8976, -7.9215 -4.5343 -6.4961, -7.9215 -4.5343 -3.8976, -7.9724 -4.5276 -6.4961, -7.9724 -4.5276 -3.8976, -8.0234 -4.5343 -6.4961, -8.0234 -4.5343 -3.8976, -8.0709 -4.5539 -6.4961, -8.0709 -4.5539 -3.8976, -8.1116 -4.5852 -6.4961, -8.1116 -4.5852 -3.8976, -8.1429 -4.626 -6.4961, -8.1429 -4.626 -3.8976, -8.1626 -4.6735 -6.4961, -8.1626 -4.6735 -3.8976, -8.1693 -4.7244 -6.4961, -8.1693 -4.7244 -3.8976, -8.1626 -4.7754 -6.4961, -8.1626 -4.7754 -3.8976, -8.1429 -4.8228 -6.4961, -8.1429 -4.8228 -3.8976, -8.1116 -4.8636 -6.4961, -8.1116 -4.8636 -3.8976, -8.0709 -4.8949 -6.4961, -8.0709 -4.8949 -3.8976, -8.0234 -4.9146 -6.4961, -8.0234 -4.9146 -3.8976, -7.9724 -4.9213 -6.4961, -7.9724 -4.9213 -3.8976, -7.9215 -4.9146 -6.4961, -7.9215 -4.9146 -3.8976, -7.874 -4.8949 -6.4961, -7.874 -4.8949 -3.8976, -7.8332 -4.8636 -6.4961, -7.8332 -4.8636 -3.8976, -7.802 -4.8228 -6.4961, -7.802 -4.8228 -3.8976, -7.7823 -4.7754 -6.4961, -7.7823 -4.7754 -3.8976, -7.7756 -4.7244 -6.4961, -7.9724 -4.7244 -6.4961, 8.1693 3.1496 -3.8976, 8.1626 3.2006 -6.4961, 8.1626 3.2006 -3.8976, 8.1429 3.248 -6.4961, 8.1429 3.248 -3.8976, 8.1116 3.2888 -6.4961, 8.1116 3.2888 -3.8976, 8.0709 3.3201 -6.4961, 8.0709 3.3201 -3.8976, 8.0234 3.3397 -6.4961, 8.0234 3.3397 -3.8976, 7.9724 3.3465 -6.4961, 7.9724 3.3465 -3.8976, 7.9215 3.3397 -6.4961, 7.9215 3.3397 -3.8976, 7.874 3.3201 -6.4961, 7.874 3.3201 -3.8976, 7.8332 3.2888 -6.4961, 7.8332 3.2888 -3.8976, 7.802 3.248 -6.4961, 7.802 3.248 -3.8976, 7.7823 3.2006 -6.4961, 7.7823 3.2006 -3.8976, 7.7756 3.1496 -6.4961, 7.7756 3.1496 -3.8976, 7.7823 3.0987 -6.4961, 7.7823 3.0987 -3.8976, 7.802 3.0512 -6.4961, 7.802 3.0512 -3.8976, 7.8332 3.0104 -6.4961, 7.8332 3.0104 -3.8976, 7.874 2.9791 -6.4961, 7.874 2.9791 -3.8976, 7.9215 2.9595 -6.4961, 7.9215 2.9595 -3.8976, 7.9724 2.9528 -6.4961, 7.9724 2.9528 -3.8976, 8.0234 2.9595 -6.4961, 8.0234 2.9595 -3.8976, 8.0709 2.9791 -6.4961, 8.0709 2.9791 -3.8976, 8.1116 3.0104 -6.4961, 8.1116 3.0104 -3.8976, 8.1429 3.0512 -6.4961, 8.1429 3.0512 -3.8976, 8.1626 3.0987 -6.4961, 8.1626 3.0987 -3.8976, 8.1693 3.1496 -6.4961, 7.9724 3.1496 -6.4961, 8.1693 -3.1496 -3.8976, 8.1626 -3.0987 -6.4961, 8.1626 -3.0987 -3.8976, 8.1429 -3.0512 -6.4961, 8.1429 -3.0512 -3.8976, 8.1116 -3.0104 -6.4961, 8.1116 -3.0104 -3.8976, 8.0709 -2.9791 -6.4961, 8.0709 -2.9791 -3.8976, 8.0234 -2.9595 -6.4961, 8.0234 -2.9595 -3.8976, 7.9724 -2.9528 -6.4961, 7.9724 -2.9528 -3.8976, 7.9215 -2.9595 -6.4961, 7.9215 -2.9595 -3.8976, 7.874 -2.9791 -6.4961, 7.874 -2.9791 -3.8976, 7.8332 -3.0104 -6.4961, 7.8332 -3.0104 -3.8976, 7.802 -3.0512 -6.4961, 7.802 -3.0512 -3.8976, 7.7823 -3.0987 -6.4961, 7.7823 -3.0987 -3.8976, 7.7756 -3.1496 -6.4961, 7.7756 -3.1496 -3.8976, 7.7823 -3.2006 -6.4961, 7.7823 -3.2006 -3.8976, 7.802 -3.248 -6.4961, 7.802 -3.248 -3.8976, 7.8332 -3.2888 -6.4961, 7.8332 -3.2888 -3.8976, 7.874 -3.3201 -6.4961, 7.874 -3.3201 -3.8976, 7.9215 -3.3397 -6.4961, 7.9215 -3.3397 -3.8976, 7.9724 -3.3465 -6.4961, 7.9724 -3.3465 -3.8976, 8.0234 -3.3397 -6.4961, 8.0234 -3.3397 -3.8976, 8.0709 -3.3201 -6.4961, 8.0709 -3.3201 -3.8976, 8.1116 -3.2888 -6.4961, 8.1116 -3.2888 -3.8976, 8.1429 -3.248 -6.4961, 8.1429 -3.248 -3.8976, 8.1626 -3.2006 -6.4961, 8.1626 -3.2006 -3.8976, 8.1693 -3.1496 -6.4961, 7.9724 -3.1496 -6.4961, 7.9724 -3.1496 -6.4961
            ]
        }
        coordIndex [
            0,1,2,-1,2,1,3,-1,2,3,4,-1,4,3,5,-1,4,5,6,-1,6,5,7,-1,6,7,8,-1,8,7,9,-1,8,9,10,-1,10,9,11,-1,10,11,12,-1,12,11,13,-1,12,13,14,-1,14,13,15,-1,14,15,16,-1,16,15,17,-1,16,17,18,-1,18,17,19,-1,18,19,20,-1,20,19,21,-1,20,21,22,-1,22,21,23,-1,22,23,24,-1,24,23,25,-1,24,25,26,-1,26,25,27,-1,26,27,28,-1,28,27,29,-1,28,29,30,-1,30,29,31,-1,30,31,32,-1,32,31,33,-1,32,33,34,-1,34,33,35,-1,34,35,36,-1,36,35,37,-1,36,37,38,-1,38,37,39,-1,38,39,40,-1,40,39,41,-1,40,41,42,-1,42,41,43,-1,42,43,44,-1,44,43,45,-1,44,45,46,-1,46,45,47,-1,46,47,0,-1,0,47,1,-1,27,25,48,-1,48,25,23,-1,48,23,21,-1,33,31,48,-1,48,31,29,-1,48,29,27,-1,39,37,48,-1,48,37,35,-1,48,35,33,-1,45,43,48,-1,48,43,41,-1,48,41,39,-1,3,1,48,-1,48,1,47,-1,48,47,45,-1,9,7,48,-1,48,7,5,-1,48,5,3,-1,15,13,48,-1,48,13,11,-1,48,11,9,-1,21,19,48,-1,48,19,17,-1,48,17,15,-1,49,50,51,-1,51,50,52,-1,51,52,53,-1,53,52,54,-1,53,54,55,-1,55,54,56,-1,55,56,57,-1,57,56,58,-1,57,58,59,-1,59,58,60,-1,59,60,61,-1,61,60,62,-1,61,62,63,-1,63,62,64,-1,63,64,65,-1,65,64,66,-1,65,66,67,-1,67,66,68,-1,67,68,69,-1,69,68,70,-1,69,70,71,-1,71,70,72,-1,71,72,73,-1,73,72,74,-1,73,74,75,-1,75,74,76,-1,75,76,77,-1,77,76,78,-1,77,78,79,-1,79,78,80,-1,79,80,81,-1,81,80,82,-1,81,82,83,-1,83,82,84,-1,83,84,85,-1,85,84,86,-1,85,86,87,-1,87,86,88,-1,87,88,89,-1,89,88,90,-1,89,90,91,-1,91,90,92,-1,91,92,93,-1,93,92,94,-1,93,94,95,-1,95,94,96,-1,95,96,49,-1,49,96,50,-1,76,74,97,-1,97,74,72,-1,97,72,70,-1,82,80,97,-1,97,80,78,-1,97,78,76,-1,88,86,97,-1,97,86,84,-1,97,84,82,-1,94,92,97,-1,97,92,90,-1,97,90,88,-1,52,50,97,-1,97,50,96,-1,97,96,94,-1,58,56,97,-1,97,56,54,-1,97,54,52,-1,64,62,97,-1,97,62,60,-1,97,60,58,-1,70,68,97,-1,97,68,66,-1,97,66,64,-1,98,99,100,-1,100,99,101,-1,100,101,102,-1,102,101,103,-1,102,103,104,-1,104,103,105,-1,104,105,106,-1,106,105,107,-1,106,107,108,-1,108,107,109,-1,108,109,110,-1,110,109,111,-1,110,111,112,-1,112,111,113,-1,112,113,114,-1,114,113,115,-1,114,115,116,-1,116,115,117,-1,116,117,118,-1,118,117,119,-1,118,119,120,-1,120,119,121,-1,120,121,122,-1,122,121,123,-1,122,123,124,-1,124,123,125,-1,124,125,126,-1,126,125,127,-1,126,127,128,-1,128,127,129,-1,128,129,130,-1,130,129,131,-1,130,131,132,-1,132,131,133,-1,132,133,134,-1,134,133,135,-1,134,135,136,-1,136,135,137,-1,136,137,138,-1,138,137,139,-1,138,139,140,-1,140,139,141,-1,140,141,142,-1,142,141,143,-1,142,143,144,-1,144,143,145,-1,144,145,98,-1,98,145,99,-1,125,123,146,-1,146,123,121,-1,146,121,119,-1,131,129,146,-1,146,129,127,-1,146,127,125,-1,137,135,146,-1,146,135,133,-1,146,133,131,-1,143,141,146,-1,146,141,139,-1,146,139,137,-1,101,99,146,-1,146,99,145,-1,146,145,143,-1,107,105,146,-1,146,105,103,-1,146,103,101,-1,113,111,146,-1,146,111,109,-1,146,109,107,-1,119,117,146,-1,146,117,115,-1,146,115,113,-1,147,148,149,-1,149,148,150,-1,149,150,151,-1,151,150,152,-1,151,152,153,-1,153,152,154,-1,153,154,155,-1,155,154,156,-1,155,156,157,-1,157,156,158,-1,157,158,159,-1,159,158,160,-1,159,160,161,-1,161,160,162,-1,161,162,163,-1,163,162,164,-1,163,164,165,-1,165,164,166,-1,165,166,167,-1,167,166,168,-1,167,168,169,-1,169,168,170,-1,169,170,171,-1,171,170,172,-1,171,172,173,-1,173,172,174,-1,173,174,175,-1,175,174,176,-1,175,176,177,-1,177,176,178,-1,177,178,179,-1,179,178,180,-1,179,180,181,-1,181,180,182,-1,181,182,183,-1,183,182,184,-1,183,184,185,-1,185,184,186,-1,185,186,187,-1,187,186,188,-1,187,188,189,-1,189,188,190,-1,189,190,191,-1,191,190,192,-1,191,192,193,-1,193,192,194,-1,193,194,147,-1,147,194,148,-1,174,172,195,-1,195,172,170,-1,195,170,168,-1,180,178,195,-1,195,178,176,-1,195,176,174,-1,186,184,195,-1,195,184,182,-1,195,182,180,-1,192,190,195,-1,195,190,188,-1,195,188,186,-1,150,148,195,-1,195,148,194,-1,195,194,192,-1,156,154,195,-1,195,154,152,-1,195,152,150,-1,162,160,195,-1,195,160,158,-1,195,158,156,-1,168,166,195,-1,195,166,164,-1,195,164,162,-1,196,197,198,-1,198,197,199,-1,198,199,200,-1,200,199,201,-1,200,201,202,-1,202,201,203,-1,202,203,204,-1,204,203,205,-1,204,205,206,-1,206,205,207,-1,206,207,208,-1,208,207,209,-1,208,209,210,-1,210,209,211,-1,210,211,212,-1,212,211,213,-1,212,213,214,-1,214,213,215,-1,214,215,216,-1,216,215,217,-1,216,217,218,-1,218,217,219,-1,218,219,220,-1,220,219,221,-1,220,221,222,-1,222,221,223,-1,222,223,224,-1,224,223,225,-1,224,225,226,-1,226,225,227,-1,226,227,228,-1,228,227,229,-1,228,229,230,-1,230,229,231,-1,230,231,232,-1,232,231,233,-1,232,233,234,-1,234,233,235,-1,234,235,236,-1,236,235,237,-1,236,237,238,-1,238,237,239,-1,238,239,240,-1,240,239,241,-1,240,241,242,-1,242,241,243,-1,242,243,196,-1,196,243,197,-1,223,221,244,-1,244,221,219,-1,244,219,217,-1,229,227,244,-1,244,227,225,-1,244,225,223,-1,235,233,244,-1,244,233,231,-1,244,231,229,-1,241,239,244,-1,244,239,237,-1,244,237,235,-1,199,197,244,-1,244,197,243,-1,244,243,241,-1,205,203,244,-1,244,203,201,-1,244,201,199,-1,211,209,244,-1,244,209,207,-1,244,207,205,-1,217,215,244,-1,244,215,213,-1,244,213,211,-1,
        ]
    }
}
Shape{
    appearance Appearance {
        material  Material 	{
            diffuseColor 0.25098039215686274 0.25098039215686274 0.25098039215686274
            specularColor 0.12549019607843137 0.12549019607843137 0.12549019607843137
            ambientIntensity 0.2
            transparency 0
            shininess 0.5
        }
    }
    geometry IndexedFaceSet {
        ccw TRUE
        solid FALSE
        coord DEF co Coordinate {
            point [
                9.5472 -6.2829 3.8583, 9.5472 7.0472 3.8583, 9.5449 -6.2824 3.8772, 9.5459 7.0466 3.8729, 9.5444 -6.2823 3.8786, 9.5442 7.0457 3.8785, 9.538 -6.281 3.8953, 9.5414 7.0443 3.888, 9.5365 -6.2807 3.8975, 9.5363 7.0418 3.8974, 9.5263 -6.2786 3.9117, 9.5328 7.04 3.9037, 9.5261 7.0367 3.912, 9.524 -6.2781 3.9137, 9.5241 7.0357 3.9138, 9.5102 -6.2752 3.925, 9.5175 7.0324 3.9199, 9.5078 -6.2747 3.9263, 9.5078 7.0275 3.9264, 9.5006 -6.2733 3.9302, 9.4903 -6.2711 3.9339, 9.4816 7.0144 3.9359, 9.4685 7.0079 3.937, 9.4685 1.2685 3.937, 9.4888 7.018 3.9341, 9.4685 1.2574 3.937, 9.4685 1.2492 3.937, 9.5069 7.0271 3.927, 9.4944 7.0208 3.9326, 9.4889 -6.2708 3.9342, 9.4685 0.0609 3.937, 9.4685 0.0307 3.937, 9.4685 -3.4911 3.937, 9.4795 -6.2689 3.9362, 9.4685 -6.2666 3.937, 8.7452 -7.0353 3.9302, 8.7463 -7.037 3.9291, 9.4976 -6.2857 3.9291, 8.7714 -7.0751 3.8583, 9.5357 -6.3107 3.8583, 9.5339 -6.3095 3.8758, 8.7702 -7.0733 3.8758, 9.5337 -6.3095 3.8772, 8.7701 -7.0731 3.8772, 9.5288 -6.3062 3.8923, 8.7668 -7.0682 3.8923, 8.7662 -7.0672 3.8953, 9.5278 -6.3055 3.8953, 8.7615 -7.0601 3.9071, 9.5207 -6.3009 3.9071, 9.5179 -6.299 3.9117, 8.7597 -7.0572 3.9117, 9.51 -6.2939 3.9193, 9.5041 -6.29 3.925, 8.7506 -7.0435 3.925, 8.7545 -7.0494 3.9193, 9.4959 -6.2846 3.9302, 9.4871 -6.2788 3.9339, 8.7394 -7.0265 3.9339, 9.4834 -6.2764 3.9349, 8.737 -7.0228 3.9349, 9.4779 -6.2728 3.9362, 8.7334 -7.0173 3.9362, 8.7272 -7.0079 3.937, -4.3785 7.0079 3.937, -9.4787 7.0282 3.9341, -7.3484 7.0079 3.937, -9.4751 7.021 3.9359, -9.4685 7.0079 3.937, -3.2407 7.0079 3.937, -2.3477 7.0079 3.937, -0.5473 7.0079 3.937, 0.0504 7.0079 3.937, 1.1019 7.0079 3.937, 9.4787 7.0282 3.9341, 2.1605 7.0079 3.937, 2.8158 7.0079 3.937, 4.0689 7.0079 3.937, 9.4751 7.021 3.9359, -9.4814 7.0337 3.9326, 9.4814 7.0337 3.9326, -9.4877 7.0462 3.927, -9.4882 7.0472 3.9264, 9.4877 7.0462 3.927, 9.4882 7.0472 3.9264, -9.493 7.0568 3.9199, 9.493 7.0568 3.9199, -9.4963 7.0634 3.9138, 9.4963 7.0634 3.9138, -9.4973 7.0654 3.912, 9.4973 7.0654 3.912, -9.5007 7.0722 3.9037, -9.5024 7.0756 3.8974, 9.5007 7.0722 3.9037, 9.5024 7.0756 3.8974, -9.505 7.0808 3.888, 9.505 7.0808 3.888, -9.5064 7.0836 3.8785, 9.5064 7.0836 3.8785, -9.5072 7.0852 3.8729, 9.5072 7.0852 3.8729, -9.5079 7.0866 3.8583, 9.5079 7.0866 3.8583, -9.4877 -7.0462 3.927, -9.4882 -7.0472 3.9264, 8.7317 -7.0297 3.9339, 2.8158 -7.0079 3.937, 8.7314 -7.0282 3.9342, 4.0689 -7.0079 3.937, 8.7295 -7.0189 3.9362, 2.1605 -7.0079 3.937, 1.1019 -7.0079 3.937, 0.0504 -7.0079 3.937, -0.5473 -7.0079 3.937, -2.3477 -7.0079 3.937, -9.4787 -7.0282 3.9341, -3.2407 -7.0079 3.937, -4.3785 -7.0079 3.937, -7.3484 -7.0079 3.937, -9.4751 -7.021 3.9359, -9.4685 -7.0079 3.937, -9.4814 -7.0337 3.9326, -9.4963 -7.0634 3.9138, 8.7359 -7.0496 3.925, -9.493 -7.0568 3.9199, 8.7354 -7.0472 3.9263, 8.7339 -7.04 3.9302, -9.4973 -7.0654 3.912, 8.7392 -7.0657 3.9117, 8.7387 -7.0633 3.9137, -9.5007 -7.0722 3.9037, -9.5024 -7.0756 3.8974, 8.7413 -7.0758 3.8975, -9.505 -7.0808 3.888, 8.7416 -7.0773 3.8953, -9.5064 -7.0836 3.8785, 8.7429 -7.0838 3.8786, -9.5072 -7.0852 3.8729, 8.7431 -7.0843 3.8772, -9.5079 -7.0866 3.8583, 8.7435 -7.0866 3.8583, -9.4816 -7.0144 3.9359, -9.4685 -3.4911 3.937, -9.4888 -7.018 3.9341, -9.4685 0.0307 3.937, -9.4685 0.0609 3.937, -9.4685 1.2492 3.937, -9.4685 1.2574 3.937, -9.4685 1.2685 3.937, -9.5078 -7.0275 3.9264, -9.5069 -7.0271 3.927, -9.4944 7.0208 3.9326, -9.4944 -7.0208 3.9326, -9.4888 7.018 3.9341, -9.4816 7.0144 3.9359, -9.5069 7.0271 3.927, -9.5078 7.0275 3.9264, -9.5175 -7.0324 3.9199, -9.5175 7.0324 3.9199, -9.5241 -7.0357 3.9138, -9.5241 7.0357 3.9138, -9.5261 -7.0367 3.912, -9.5261 7.0367 3.912, -9.5328 -7.04 3.9037, -9.5363 -7.0418 3.8974, -9.5328 7.04 3.9037, -9.5363 7.0418 3.8974, -9.5414 -7.0443 3.888, -9.5414 7.0443 3.888, -9.5442 -7.0457 3.8785, -9.5442 7.0457 3.8785, -9.5459 7.0466 3.8729, -9.5459 -7.0466 3.8729, -9.5472 7.0472 3.8583, -9.5472 -7.0472 3.8583, 9.5472 7.0472 -4.1339, 9.5459 7.0574 -4.1339, 9.5459 7.0574 3.8583, 9.542 7.0669 -4.1339, 9.542 7.0669 3.8583, 9.5357 7.0751 -4.1339, 9.5357 7.0751 3.8583, 9.5276 7.0813 -4.1339, 9.5276 7.0813 3.8583, 9.5181 7.0853 -4.1339, 9.5181 7.0853 3.8583, 9.5079 7.0866 -4.1339, 9.5136 7.0785 3.8906, 9.5443 7.0564 3.8745, 9.5076 7.0692 3.9065, 9.5391 7.053 3.8906, 9.4977 7.0537 3.9219, 9.5143 7.037 3.9219, 9.4773 7.0188 3.9362, 9.4762 7.0199 3.9361, 9.4784 7.0177 3.9362, 9.4805 7.0155 3.9361, 9.4923 7.023 3.9332, 9.4795 7.0166 3.9362, 9.4837 7.0317 3.9332, 9.4859 7.0296 3.9336, 9.4881 7.0275 3.9337, 9.4902 7.0253 3.9336, 9.4912 7.0435 3.9283, 9.4946 7.0405 3.929, 9.4979 7.0373 3.9293, 9.5011 7.0339 3.929, 9.5041 7.0305 3.9283, 9.5107 7.0416 3.923, 9.5066 7.046 3.9234, 9.5023 7.05 3.923, 9.5031 7.0622 3.9145, 9.5088 7.0582 3.916, 9.5141 7.0535 3.9165, 9.5188 7.0482 3.916, 9.5229 7.0425 3.9145, 9.5142 7.065 3.9083, 9.5203 7.0597 3.9088, 9.5256 7.0536 3.9083, 9.5298 7.047 3.9065, 9.5218 7.0743 3.8923, 9.5291 7.0684 3.8928, 9.5349 7.0612 3.8923, 9.517 7.0836 3.8745, 9.5261 7.0796 3.8755, 9.5341 7.0734 3.8758, 9.5402 7.0655 3.8755, -9.5079 7.0866 -4.1339, -9.5166 7.0856 -4.1339, -9.5166 7.0855 3.8583, -9.5181 7.0853 3.8583, -9.525 7.0827 -4.1339, -9.5249 7.0825 3.8583, -9.5276 7.0813 3.8583, -9.5324 7.078 -4.1339, -9.5322 7.0778 3.8583, -9.5387 7.0718 -4.1339, -9.5384 7.0716 3.8583, -9.5357 7.0751 3.8583, -9.5461 7.056 3.8583, -9.5459 7.0574 3.8583, -9.5433 7.0643 -4.1339, -9.5431 7.0642 3.8583, -9.542 7.0669 3.8583, -9.5463 7.056 -4.1339, -9.5472 7.0472 -4.1339, -9.4837 7.0317 3.9332, -9.4762 7.0199 3.9361, -9.5041 7.0305 3.9283, -9.4923 7.023 3.9332, -9.4805 7.0155 3.9361, -9.4912 7.0435 3.9283, -9.4977 7.0537 3.9219, -9.5031 7.0622 3.9145, -9.5143 7.037 3.9219, -9.5229 7.0425 3.9145, -9.5298 7.047 3.9065, -9.5136 7.0785 3.8906, -9.5076 7.0692 3.9065, -9.5391 7.053 3.8906, -9.517 7.0836 3.8745, -9.4773 7.0188 3.9362, -9.4784 7.0177 3.9362, -9.4859 7.0296 3.9336, -9.4881 7.0275 3.9337, -9.4946 7.0405 3.929, -9.4979 7.0373 3.9293, -9.5023 7.05 3.923, -9.5066 7.046 3.9234, -9.5088 7.0582 3.916, -9.5141 7.0535 3.9165, -9.5142 7.065 3.9083, -9.5203 7.0597 3.9088, -9.5218 7.0743 3.8923, -9.5291 7.0684 3.8928, -9.5261 7.0796 3.8755, -9.5341 7.0734 3.8758, -9.4795 7.0166 3.9362, -9.4902 7.0253 3.9336, -9.5011 7.0339 3.929, -9.5107 7.0416 3.923, -9.5188 7.0482 3.916, -9.5256 7.0536 3.9083, -9.5349 7.0612 3.8923, -9.5402 7.0655 3.8755, -9.5443 7.0564 3.8745, -9.5472 -7.0472 -4.1339, -9.5459 -7.0574 -4.1339, -9.5459 -7.0574 3.8583, -9.542 -7.0669 -4.1339, -9.542 -7.0669 3.8583, -9.5357 -7.0751 -4.1339, -9.5357 -7.0751 3.8583, -9.5276 -7.0813 -4.1339, -9.5276 -7.0813 3.8583, -9.5181 -7.0853 -4.1339, -9.5181 -7.0853 3.8583, -9.5079 -7.0866 -4.1339, -9.5136 -7.0785 3.8906, -9.5443 -7.0564 3.8745, -9.5076 -7.0692 3.9065, -9.5391 -7.053 3.8906, -9.4977 -7.0537 3.9219, -9.5143 -7.037 3.9219, -9.4773 -7.0188 3.9362, -9.4762 -7.0199 3.9361, -9.4784 -7.0177 3.9362, -9.4805 -7.0155 3.9361, -9.4923 -7.023 3.9332, -9.4795 -7.0166 3.9362, -9.4837 -7.0317 3.9332, -9.4859 -7.0296 3.9336, -9.4881 -7.0275 3.9337, -9.4902 -7.0253 3.9336, -9.4912 -7.0435 3.9283, -9.4946 -7.0405 3.929, -9.4979 -7.0373 3.9293, -9.5011 -7.0339 3.929, -9.5041 -7.0305 3.9283, -9.5107 -7.0416 3.923, -9.5066 -7.046 3.9234, -9.5023 -7.05 3.923, -9.5031 -7.0622 3.9145, -9.5088 -7.0582 3.916, -9.5141 -7.0535 3.9165, -9.5188 -7.0482 3.916, -9.5229 -7.0425 3.9145, -9.5142 -7.065 3.9083, -9.5203 -7.0597 3.9088, -9.5256 -7.0536 3.9083, -9.5298 -7.047 3.9065, -9.5218 -7.0743 3.8923, -9.5291 -7.0684 3.8928, -9.5349 -7.0612 3.8923, -9.517 -7.0836 3.8745, -9.5261 -7.0796 3.8755, -9.5341 -7.0734 3.8758, -9.5402 -7.0655 3.8755, 9.5406 -6.3048 3.8583, 9.5357 -6.3107 -4.1339, 9.5418 -6.3025 3.8583, 9.542 -6.3026 -4.1339, 9.5442 -6.298 3.8583, 9.5457 -6.293 3.8583, 9.5459 -6.2931 -4.1339, 9.5465 -6.2906 3.8583, 9.5472 -6.2829 -4.1339, 9.4791 -6.2699 3.9363, 9.4879 -6.2769 3.9341, 9.4783 -6.2718 3.9363, 9.4895 -6.2731 3.9341, 9.4996 -6.2761 3.9305, 9.509 -6.279 3.9256, 9.4972 -6.2818 3.9305, 9.5059 -6.2864 3.9256, 9.5207 -6.2943 3.9125, 9.525 -6.284 3.9125, 9.5317 -6.3001 3.8962, 9.5369 -6.2876 3.8962, 9.4787 -6.2708 3.9363, 9.4888 -6.275 3.9341, 9.4985 -6.279 3.9306, 9.5076 -6.2828 3.9258, 9.5231 -6.2892 3.9128, 9.5347 -6.294 3.8965, 9.5419 -6.297 3.8779, 9.5441 -6.2898 3.8777, 9.5384 -6.3036 3.8777, 8.7714 -7.0751 -4.1339, 8.7632 -7.0813 3.8583, 8.7632 -7.0813 -4.1339, 8.7537 -7.0853 3.8583, 8.7537 -7.0853 -4.1339, 8.7435 -7.0866 -4.1339, 8.7308 -7.0183 3.9363, 8.7343 -7.0287 3.9341, 8.7415 -7.037 3.9305, 8.7369 -7.0276 3.9341, 8.7321 -7.0178 3.9363, 8.7377 -7.0386 3.9305, 8.7409 -7.0479 3.9257, 8.7464 -7.0638 3.9127, 8.7459 -7.0459 3.9257, 8.7533 -7.061 3.9127, 8.7504 -7.0756 3.8964, 8.7529 -7.0828 3.8778, 8.7587 -7.0722 3.8964, 8.7621 -7.079 3.8778, 8.7621 -7.079 3.8778
            ]
        }
        coordIndex [
            0,1,2,-1,2,1,3,-1,2,3,4,-1,4,3,5,-1,4,5,6,-1,6,5,7,-1,6,7,8,-1,8,7,9,-1,8,9,10,-1,9,11,10,-1,10,11,12,-1,10,12,13,-1,13,12,14,-1,13,14,15,-1,15,14,16,-1,15,16,17,-1,17,16,18,-1,17,18,19,-1,19,18,20,-1,21,22,23,-1,21,23,24,-1,24,23,25,-1,24,25,26,-1,18,27,20,-1,20,27,28,-1,20,28,29,-1,29,28,24,-1,29,24,30,-1,30,24,26,-1,30,31,29,-1,29,31,32,-1,29,32,33,-1,33,32,34,-1,35,36,37,-1,38,39,40,-1,38,40,41,-1,41,40,42,-1,41,42,43,-1,43,42,44,-1,43,44,45,-1,45,44,46,-1,46,44,47,-1,46,47,48,-1,47,49,48,-1,48,49,50,-1,48,50,51,-1,51,50,52,-1,37,36,53,-1,53,36,54,-1,53,54,52,-1,52,54,55,-1,52,55,51,-1,37,56,35,-1,35,56,57,-1,35,57,58,-1,58,57,59,-1,58,59,60,-1,60,59,61,-1,60,61,62,-1,62,61,34,-1,62,34,63,-1,64,65,66,-1,66,65,67,-1,66,67,68,-1,64,69,65,-1,65,69,70,-1,65,70,71,-1,72,73,74,-1,74,73,75,-1,75,76,74,-1,74,76,77,-1,74,77,78,-1,78,77,22,-1,71,72,65,-1,65,72,74,-1,65,74,79,-1,79,74,80,-1,79,80,81,-1,81,80,82,-1,80,83,82,-1,82,83,84,-1,82,84,85,-1,85,84,86,-1,85,86,87,-1,87,86,88,-1,87,88,89,-1,89,88,90,-1,89,90,91,-1,91,90,92,-1,90,93,92,-1,92,93,94,-1,92,94,95,-1,95,94,96,-1,95,96,97,-1,97,96,98,-1,97,98,99,-1,99,98,100,-1,99,100,101,-1,101,100,102,-1,103,104,105,-1,106,107,108,-1,108,107,109,-1,108,109,63,-1,106,110,107,-1,107,110,111,-1,107,111,112,-1,113,114,115,-1,115,114,116,-1,116,117,115,-1,115,117,118,-1,115,118,119,-1,119,118,120,-1,112,113,107,-1,107,113,115,-1,107,115,105,-1,105,115,121,-1,105,121,103,-1,122,123,124,-1,124,123,125,-1,124,125,104,-1,104,125,126,-1,104,126,105,-1,127,128,122,-1,122,128,129,-1,122,129,123,-1,127,130,128,-1,128,130,131,-1,128,131,132,-1,132,131,133,-1,132,133,134,-1,134,133,135,-1,134,135,136,-1,136,135,137,-1,136,137,138,-1,138,137,139,-1,138,139,140,-1,141,120,142,-1,141,142,143,-1,143,142,144,-1,143,144,145,-1,145,146,143,-1,143,146,147,-1,143,147,148,-1,149,150,151,-1,151,150,152,-1,151,152,153,-1,153,152,143,-1,153,143,154,-1,154,143,148,-1,154,148,68,-1,151,155,149,-1,149,155,156,-1,149,156,157,-1,157,156,158,-1,157,158,159,-1,159,158,160,-1,159,160,161,-1,161,160,162,-1,161,162,163,-1,163,162,164,-1,162,165,164,-1,164,165,166,-1,164,166,167,-1,167,166,168,-1,167,168,169,-1,168,170,169,-1,169,170,171,-1,169,171,172,-1,172,171,173,-1,172,173,174,-1,1,175,176,-1,1,176,177,-1,177,176,178,-1,177,178,179,-1,179,178,180,-1,179,180,181,-1,181,180,182,-1,181,182,183,-1,183,182,184,-1,183,184,185,-1,185,184,186,-1,185,186,102,-1,98,96,187,-1,5,3,188,-1,94,93,189,-1,9,7,190,-1,88,86,191,-1,18,16,192,-1,193,194,22,-1,193,22,195,-1,74,78,194,-1,194,78,22,-1,22,21,196,-1,196,21,197,-1,196,197,198,-1,198,22,196,-1,80,74,199,-1,199,74,194,-1,199,194,200,-1,200,194,193,-1,200,193,201,-1,201,193,195,-1,201,195,202,-1,21,24,197,-1,197,24,28,-1,197,28,27,-1,83,80,203,-1,203,80,199,-1,203,199,204,-1,204,199,200,-1,204,200,205,-1,205,200,201,-1,205,201,206,-1,206,201,202,-1,206,202,207,-1,27,18,207,-1,207,18,192,-1,207,192,206,-1,206,192,208,-1,206,208,205,-1,205,208,209,-1,205,209,204,-1,204,209,210,-1,204,210,203,-1,203,210,191,-1,27,207,197,-1,197,207,202,-1,197,202,198,-1,198,202,195,-1,198,195,22,-1,191,86,203,-1,203,86,84,-1,203,84,83,-1,90,88,211,-1,211,88,191,-1,211,191,212,-1,212,191,210,-1,212,210,213,-1,213,210,209,-1,213,209,214,-1,214,209,208,-1,214,208,215,-1,215,208,192,-1,215,192,14,-1,14,192,16,-1,93,90,189,-1,189,90,211,-1,189,211,216,-1,216,211,212,-1,216,212,217,-1,217,212,213,-1,217,213,218,-1,218,213,214,-1,218,214,219,-1,219,214,215,-1,9,190,11,-1,96,94,187,-1,187,94,189,-1,187,189,220,-1,220,189,216,-1,220,216,221,-1,221,216,217,-1,221,217,222,-1,222,217,218,-1,222,218,190,-1,190,218,219,-1,190,219,11,-1,11,219,215,-1,11,215,12,-1,12,215,14,-1,100,98,223,-1,223,98,187,-1,223,187,224,-1,224,187,220,-1,224,220,225,-1,225,220,221,-1,225,221,226,-1,226,221,222,-1,226,222,188,-1,188,222,190,-1,188,190,5,-1,5,190,7,-1,102,100,185,-1,185,100,223,-1,185,223,183,-1,183,223,224,-1,183,224,181,-1,181,224,225,-1,181,225,179,-1,179,225,226,-1,179,226,177,-1,177,226,188,-1,177,188,1,-1,1,188,3,-1,227,228,101,-1,101,228,229,-1,229,228,230,-1,230,228,231,-1,230,231,232,-1,232,231,233,-1,233,231,234,-1,233,234,235,-1,236,237,234,-1,234,237,238,-1,234,238,235,-1,239,240,241,-1,241,240,242,-1,241,242,236,-1,236,242,243,-1,236,243,237,-1,241,244,239,-1,239,244,245,-1,239,245,173,-1,65,246,67,-1,67,246,247,-1,67,247,68,-1,156,155,248,-1,248,155,151,-1,248,151,249,-1,249,151,153,-1,249,153,250,-1,250,153,154,-1,250,154,68,-1,65,79,246,-1,246,79,81,-1,246,81,251,-1,251,81,82,-1,251,82,252,-1,82,85,252,-1,252,85,87,-1,252,87,253,-1,253,87,89,-1,253,89,91,-1,156,248,158,-1,158,248,254,-1,158,254,160,-1,160,254,255,-1,160,255,162,-1,162,255,256,-1,162,256,165,-1,92,257,91,-1,91,257,258,-1,91,258,253,-1,165,256,166,-1,166,256,259,-1,166,259,168,-1,99,260,97,-1,97,260,257,-1,97,257,95,-1,95,257,92,-1,68,261,262,-1,262,261,263,-1,262,263,264,-1,264,263,265,-1,264,265,266,-1,266,265,267,-1,266,267,268,-1,268,267,269,-1,268,269,270,-1,270,269,271,-1,270,271,272,-1,272,271,273,-1,272,273,274,-1,274,273,275,-1,274,275,276,-1,68,277,250,-1,250,277,278,-1,250,278,249,-1,249,278,279,-1,249,279,248,-1,248,279,280,-1,248,280,254,-1,254,280,281,-1,254,281,255,-1,255,281,282,-1,255,282,256,-1,256,282,283,-1,256,283,259,-1,259,283,284,-1,259,284,285,-1,99,101,229,-1,99,229,260,-1,260,229,230,-1,260,230,232,-1,232,275,260,-1,260,275,273,-1,260,273,257,-1,257,273,271,-1,257,271,258,-1,258,271,269,-1,258,269,253,-1,253,269,267,-1,253,267,252,-1,252,267,265,-1,252,265,251,-1,251,265,263,-1,251,263,246,-1,246,263,261,-1,246,261,247,-1,247,261,68,-1,232,233,275,-1,275,233,235,-1,275,235,276,-1,276,235,238,-1,276,238,237,-1,237,284,276,-1,276,284,283,-1,276,283,274,-1,274,283,282,-1,274,282,272,-1,272,282,281,-1,272,281,270,-1,270,281,280,-1,270,280,268,-1,268,280,279,-1,268,279,266,-1,266,279,278,-1,266,278,264,-1,264,278,277,-1,264,277,262,-1,262,277,68,-1,237,243,284,-1,284,243,242,-1,284,242,285,-1,285,242,240,-1,285,240,239,-1,168,259,170,-1,170,259,285,-1,170,285,171,-1,171,285,239,-1,171,239,173,-1,174,286,287,-1,174,287,288,-1,288,287,289,-1,288,289,290,-1,290,289,291,-1,290,291,292,-1,292,291,293,-1,292,293,294,-1,294,293,295,-1,294,295,296,-1,296,295,297,-1,296,297,139,-1,135,133,298,-1,169,172,299,-1,131,130,300,-1,164,167,301,-1,122,124,302,-1,149,157,303,-1,304,305,120,-1,304,120,306,-1,115,119,305,-1,305,119,120,-1,120,141,307,-1,307,141,308,-1,307,308,309,-1,309,120,307,-1,121,115,310,-1,310,115,305,-1,310,305,311,-1,311,305,304,-1,311,304,312,-1,312,304,306,-1,312,306,313,-1,141,143,308,-1,308,143,152,-1,308,152,150,-1,103,121,314,-1,314,121,310,-1,314,310,315,-1,315,310,311,-1,315,311,316,-1,316,311,312,-1,316,312,317,-1,317,312,313,-1,317,313,318,-1,150,149,318,-1,318,149,303,-1,318,303,317,-1,317,303,319,-1,317,319,316,-1,316,319,320,-1,316,320,315,-1,315,320,321,-1,315,321,314,-1,314,321,302,-1,150,318,308,-1,308,318,313,-1,308,313,309,-1,309,313,306,-1,309,306,120,-1,302,124,314,-1,314,124,104,-1,314,104,103,-1,127,122,322,-1,322,122,302,-1,322,302,323,-1,323,302,321,-1,323,321,324,-1,324,321,320,-1,324,320,325,-1,325,320,319,-1,325,319,326,-1,326,319,303,-1,326,303,159,-1,159,303,157,-1,130,127,300,-1,300,127,322,-1,300,322,327,-1,327,322,323,-1,327,323,328,-1,328,323,324,-1,328,324,329,-1,329,324,325,-1,329,325,330,-1,330,325,326,-1,164,301,163,-1,133,131,298,-1,298,131,300,-1,298,300,331,-1,331,300,327,-1,331,327,332,-1,332,327,328,-1,332,328,333,-1,333,328,329,-1,333,329,301,-1,301,329,330,-1,301,330,163,-1,163,330,326,-1,163,326,161,-1,161,326,159,-1,137,135,334,-1,334,135,298,-1,334,298,335,-1,335,298,331,-1,335,331,336,-1,336,331,332,-1,336,332,337,-1,337,332,333,-1,337,333,299,-1,299,333,301,-1,299,301,169,-1,169,301,167,-1,139,137,296,-1,296,137,334,-1,296,334,294,-1,294,334,335,-1,294,335,292,-1,292,335,336,-1,292,336,290,-1,290,336,337,-1,290,337,288,-1,288,337,299,-1,288,299,174,-1,174,299,172,-1,338,39,339,-1,338,339,340,-1,340,339,341,-1,340,341,342,-1,342,341,343,-1,343,341,344,-1,343,344,345,-1,345,344,346,-1,345,346,0,-1,347,33,34,-1,59,348,61,-1,61,348,349,-1,61,349,34,-1,33,347,29,-1,29,347,350,-1,29,350,20,-1,20,350,351,-1,20,351,19,-1,19,351,17,-1,17,351,352,-1,17,352,15,-1,59,57,348,-1,348,57,56,-1,348,56,353,-1,353,56,37,-1,353,37,354,-1,354,37,53,-1,354,53,355,-1,355,53,52,-1,15,352,13,-1,13,352,356,-1,13,356,10,-1,52,50,355,-1,355,50,49,-1,355,49,357,-1,10,356,8,-1,8,356,358,-1,8,358,6,-1,34,359,347,-1,347,359,360,-1,347,360,350,-1,350,360,361,-1,350,361,351,-1,351,361,362,-1,351,362,352,-1,352,362,363,-1,352,363,356,-1,356,363,364,-1,356,364,358,-1,358,364,365,-1,358,365,366,-1,6,358,4,-1,4,358,366,-1,4,366,2,-1,49,47,357,-1,357,47,44,-1,357,44,367,-1,367,44,42,-1,367,42,40,-1,340,367,338,-1,338,367,40,-1,338,40,39,-1,340,365,367,-1,367,365,364,-1,367,364,357,-1,357,364,363,-1,357,363,355,-1,355,363,362,-1,355,362,354,-1,354,362,361,-1,354,361,353,-1,353,361,360,-1,353,360,348,-1,348,360,359,-1,348,359,349,-1,349,359,34,-1,0,2,345,-1,345,2,366,-1,345,366,343,-1,343,366,365,-1,343,365,342,-1,342,365,340,-1,368,38,369,-1,368,369,370,-1,370,369,371,-1,370,371,372,-1,372,371,140,-1,372,140,373,-1,63,109,374,-1,374,109,107,-1,374,107,375,-1,36,35,376,-1,376,35,58,-1,376,58,377,-1,377,58,60,-1,377,60,378,-1,378,60,62,-1,378,62,63,-1,107,105,375,-1,375,105,126,-1,375,126,379,-1,379,126,125,-1,379,125,380,-1,125,123,380,-1,380,123,129,-1,380,129,381,-1,36,376,54,-1,54,376,382,-1,54,382,55,-1,55,382,383,-1,55,383,51,-1,129,128,381,-1,381,128,132,-1,381,132,384,-1,138,385,136,-1,136,385,384,-1,136,384,134,-1,134,384,132,-1,63,374,378,-1,378,374,375,-1,378,375,377,-1,377,375,379,-1,377,379,376,-1,376,379,380,-1,376,380,382,-1,382,380,381,-1,382,381,383,-1,383,381,384,-1,383,384,386,-1,386,384,385,-1,386,385,387,-1,41,43,387,-1,387,43,45,-1,387,45,386,-1,386,45,46,-1,386,46,383,-1,383,46,48,-1,383,48,51,-1,38,41,369,-1,369,41,387,-1,369,387,371,-1,371,387,385,-1,371,385,140,-1,140,385,138,-1,
        ]
    }
}
Shape{
    appearance Appearance {
        material  Material 	{
            diffuseColor 1.0 1.0 1.0
            specularColor 0.8784313725490196 0.8784313725490196 0.8784313725490196
            ambientIntensity 0.2
            transparency 0
            shininess 0.5
        }
    }
    geometry IndexedFaceSet {
        ccw TRUE
        solid FALSE
        coord DEF co Coordinate {
            point [
                -4.3929 1.2067 3.9409, -4.3929 1.0771 3.9409, -4.3929 1.2067 3.937, -4.3929 1.0771 3.937, -5.2283 1.2067 3.9409, -5.2283 1.2067 3.937, -5.2283 1.0771 3.9409, -5.2283 1.0771 3.937, -4.8971 1.0771 3.9409, -4.8971 1.0771 3.937, -4.8971 0.0609 3.937, -4.8971 0.0256 3.9409, -4.8971 0.0307 3.937, -4.8971 0.0256 3.937, -4.7386 0.0256 3.9409, -4.7386 0.0256 3.937, -4.7386 1.0771 3.937, -4.7386 1.0771 3.9409, -4.7386 0.0609 3.937, -4.7386 0.0307 3.937, -4.0387 0.4942 3.9409, -4.0786 0.3645 3.9409, -3.6437 0.4942 3.9409, -3.5906 0.3645 3.9409, -3.8625 0.9875 3.9409, -3.9176 1.2144 3.9409, -4.3642 0.0333 3.9409, -4.1913 0.0333 3.9409, -3.8511 1.0285 3.9409, -3.8436 1.0703 3.9409, -3.7592 1.2144 3.9409, -3.8398 1.0703 3.9409, -3.8321 1.0286 3.9409, -3.8215 0.9875 3.9409, -3.2983 0.0333 3.9409, -3.4711 0.0333 3.9409, -3.7592 1.2144 3.937, -3.3091 0.0609 3.937, -3.2983 0.0333 3.937, -3.9176 1.2144 3.937, -4.3642 0.0333 3.937, -4.3537 0.0609 3.937, -4.1913 0.0333 3.937, -4.0786 0.3645 3.937, -4.1819 0.0609 3.937, -3.5906 0.3645 3.937, -3.4711 0.0333 3.937, -3.4811 0.0609 3.937, -4.0387 0.4942 3.937, -3.6437 0.4942 3.937, -3.8215 0.9875 3.937, -3.8398 1.0703 3.937, -3.8321 1.0286 3.937, -3.8436 1.0703 3.937, -3.8625 0.9875 3.937, -3.8511 1.0285 3.937, -3.8511 1.0285 3.937
            ]
        }
        coordIndex [
            0,1,2,-1,2,1,3,-1,4,0,5,-1,5,0,2,-1,6,4,7,-1,7,4,5,-1,8,6,9,-1,9,6,7,-1,8,9,10,-1,8,10,11,-1,11,10,12,-1,11,12,13,-1,14,11,15,-1,15,11,13,-1,16,17,18,-1,18,17,14,-1,18,14,19,-1,19,14,15,-1,1,17,3,-1,3,17,16,-1,0,4,8,-1,8,4,6,-1,1,0,17,-1,17,0,8,-1,17,8,14,-1,14,8,11,-1,20,21,22,-1,22,21,23,-1,24,25,20,-1,20,25,26,-1,20,26,21,-1,21,26,27,-1,24,28,25,-1,25,28,29,-1,25,29,30,-1,30,29,31,-1,30,31,32,-1,32,33,30,-1,30,33,22,-1,30,22,34,-1,34,22,23,-1,34,23,35,-1,36,30,37,-1,37,30,34,-1,37,34,38,-1,25,30,39,-1,39,30,36,-1,40,26,41,-1,41,26,25,-1,41,25,39,-1,27,26,42,-1,42,26,40,-1,43,21,44,-1,44,21,27,-1,44,27,42,-1,23,21,45,-1,45,21,43,-1,46,35,47,-1,47,35,23,-1,47,23,45,-1,34,35,38,-1,38,35,46,-1,20,22,48,-1,48,22,49,-1,22,33,49,-1,49,33,50,-1,31,51,52,-1,31,52,32,-1,32,52,50,-1,32,50,33,-1,31,29,51,-1,51,29,53,-1,24,54,55,-1,24,55,28,-1,28,55,53,-1,28,53,29,-1,24,20,54,-1,54,20,48,-1,
        ]
    }
}
Shape{
    appearance Appearance {
        material  Material 	{
            diffuseColor 0.25098039215686274 0.25098039215686274 0.25098039215686274
            specularColor 0.12549019607843137 0.12549019607843137 0.12549019607843137
            ambientIntensity 0.2
            transparency 0
            shininess 0.5
        }
    }
    geometry IndexedFaceSet {
        ccw TRUE
        solid FALSE
        coord DEF co Coordinate {
            point [
                -4.0387 0.4942 3.937, -3.6437 0.4942 3.937, -3.8625 0.9875 3.937, -3.8215 0.9875 3.937, -3.8511 1.0285 3.937, -3.8321 1.0286 3.937, -3.8436 1.0703 3.937, -3.8398 1.0703 3.937, -3.8398 1.0703 3.937
            ]
        }
        coordIndex [
            0,1,2,-1,2,1,3,-1,2,3,4,-1,4,3,5,-1,4,5,6,-1,6,5,7,-1,
        ]
    }
}
Shape{
    appearance Appearance {
        material  Material 	{
            diffuseColor 1.0 1.0 1.0
            specularColor 0.8784313725490196 0.8784313725490196 0.8784313725490196
            ambientIntensity 0.2
            transparency 0
            shininess 0.5
        }
    }
    geometry IndexedFaceSet {
        ccw TRUE
        solid FALSE
        coord DEF co Coordinate {
            point [
                -3.1831 0.0894 3.9409, -3.1831 0.2623 3.9409, -3.1831 0.0894 3.937, -3.1831 0.2623 3.937, -3.1452 0.0713 3.937, -2.8858 0.0282 3.937, -2.8858 0.0282 3.9409, -2.9103 0.0307 3.937, -3.0378 0.0439 3.9409, -3.1452 0.0713 3.9409, -3.1044 0.0609 3.937, -3.0378 0.0439 3.937, -2.8512 0.0307 3.937, -2.6784 0.0609 3.937, -2.6484 0.0693 3.9409, -2.7637 0.0371 3.9409, -2.7637 0.0371 3.937, -2.6484 0.0693 3.937, -2.5817 0.1058 3.937, -2.5817 0.1058 3.9409, -2.5323 0.1489 3.937, -2.5323 0.1489 3.9409, -2.4941 0.2043 3.937, -2.4941 0.2043 3.9409, -2.4722 0.2641 3.937, -2.4722 0.2641 3.9409, -2.4629 0.3471 3.937, -2.4629 0.3471 3.9409, -2.4706 0.4138 3.937, -2.4706 0.4138 3.9409, -2.4925 0.473 3.937, -2.4925 0.473 3.9409, -2.5318 0.5321 3.937, -2.5318 0.5321 3.9409, -2.5999 0.5956 3.937, -2.5999 0.5956 3.9409, -2.7737 0.6971 3.937, -2.7737 0.6971 3.9409, -2.8835 0.7553 3.937, -2.8835 0.7553 3.9409, -2.9508 0.7981 3.937, -2.9508 0.7981 3.9409, -2.9871 0.8298 3.937, -2.9871 0.8298 3.9409, -3.007 0.8591 3.937, -3.007 0.8591 3.9409, -3.0195 0.8917 3.937, -3.0195 0.8917 3.9409, -3.0247 0.9368 3.937, -3.0247 0.9368 3.9409, -3.0209 0.9726 3.937, -3.0209 0.9726 3.9409, -3.0105 1.0029 3.937, -3.0105 1.0029 3.9409, -2.9933 1.0297 3.937, -2.9933 1.0297 3.9409, -2.9664 1.0556 3.937, -2.9664 1.0556 3.9409, -2.9234 1.0809 3.937, -2.9234 1.0809 3.9409, -2.8607 1.101 3.937, -2.8607 1.101 3.9409, -2.778 1.1085 3.937, -2.778 1.1085 3.9409, -2.6964 1.1034 3.937, -2.6964 1.1034 3.9409, -2.5954 1.0792 3.937, -2.5954 1.0792 3.9409, -2.5061 1.0329 3.937, -2.5061 1.0329 3.9409, -2.5061 1.2057 3.9409, -2.5061 1.2057 3.937, -2.6343 1.2325 3.937, -2.6343 1.2325 3.9409, -2.7654 1.2381 3.937, -2.7654 1.2381 3.9409, -2.896 1.2254 3.937, -2.896 1.2254 3.9409, -2.9952 1.1928 3.937, -2.9952 1.1928 3.9409, -3.0616 1.1547 3.937, -3.0616 1.1547 3.9409, -3.1123 1.1107 3.937, -3.1123 1.1107 3.9409, -3.1494 1.0594 3.937, -3.1494 1.0594 3.9409, -3.1725 1.0029 3.937, -3.1725 1.0029 3.9409, -3.1831 0.9212 3.937, -3.1831 0.9212 3.9409, -3.1763 0.8568 3.937, -3.1763 0.8568 3.9409, -3.1552 0.7953 3.937, -3.1552 0.7953 3.9409, -3.1214 0.7419 3.937, -3.1214 0.7419 3.9409, -3.069 0.6919 3.937, -3.069 0.6919 3.9409, -2.8943 0.5861 3.937, -2.8943 0.5861 3.9409, -2.7338 0.5009 3.937, -2.7338 0.5009 3.9409, -2.7174 0.4905 3.937, -2.7174 0.4905 3.9409, -2.6688 0.4492 3.937, -2.6688 0.4492 3.9409, -2.6399 0.4096 3.937, -2.6399 0.4096 3.9409, -2.6265 0.376 3.937, -2.6265 0.376 3.9409, -2.6214 0.3341 3.937, -2.6214 0.3341 3.9409, -2.6263 0.2875 3.937, -2.6263 0.2875 3.9409, -2.6399 0.2506 3.937, -2.6399 0.2506 3.9409, -2.6556 0.2272 3.937, -2.6556 0.2272 3.9409, -2.6802 0.204 3.937, -2.6802 0.204 3.9409, -2.7225 0.1807 3.937, -2.7225 0.1807 3.9409, -2.7825 0.1645 3.937, -2.7825 0.1645 3.9409, -2.8682 0.1578 3.937, -2.8682 0.1578 3.9409, -2.9569 0.1662 3.937, -2.9569 0.1662 3.9409, -3.0968 0.2092 3.937, -3.0968 0.2092 3.9409, -1.8148 0.0503 3.9409, -1.9588 0.0503 3.9409, -1.8148 0.0503 3.937, -1.9588 0.0503 3.937, -1.8148 1.2458 3.937, -1.8148 1.2458 3.9409, -1.8148 0.0609 3.937, -1.8708 1.2458 3.9409, -1.8708 1.2458 3.937, -2.0428 1.1351 3.937, -2.0428 1.1351 3.9409, -2.2325 1.0585 3.937, -2.2325 1.0585 3.9409, -2.2325 0.9145 3.9409, -2.2325 0.9145 3.937, -2.2104 0.9205 3.937, -2.2104 0.9205 3.9409, -2.0679 0.9803 3.937, -2.0679 0.9803 3.9409, -1.9588 1.0536 3.937, -1.9588 1.0536 3.9409, -1.9588 0.0609 3.937, -1.2531 0.6328 3.9409, -1.4115 0.6256 3.9409, -1.2335 0.405 3.9409, -1.3978 0.4329 3.9409, -1.1985 0.2954 3.9409, -1.3562 0.2756 3.9409, -1.1681 0.2451 3.9409, -1.3045 0.1801 3.9409, -1.1341 0.2105 3.9409, -1.2463 0.1164 3.9409, -1.099 0.1891 3.9409, -1.1871 0.0771 3.9409, -1.057 0.1762 3.9409, -1.1188 0.0527 3.9409, -1.0208 0.1732 3.9409, -1.0348 0.0436 3.9409, -0.9733 0.1788 3.9409, -0.9473 0.053 3.9409, -0.9364 0.193 3.9409, -0.8733 0.0789 3.9409, -0.9024 0.2168 3.9409, -0.8076 0.1226 3.9409, -0.8692 0.2553 3.9409, -0.7496 0.1858 3.9409, -0.8362 0.3201 3.9409, -0.6955 0.282 3.9409, -0.8048 0.446 3.9409, -0.6514 0.4344 3.9409, -0.7921 0.6405 3.9409, -0.6337 0.6535 3.9409, -0.8157 0.9032 3.9409, -0.6518 0.8884 3.9409, -0.8496 1.0062 3.9409, -0.6942 1.0389 3.9409, -0.8807 1.0571 3.9409, -0.7436 1.1278 3.9409, -0.9066 1.0845 3.9409, -0.7912 1.1795 3.9409, -0.9372 1.1052 3.9409, -0.8526 1.2201 3.9409, -0.9721 1.1186 3.9409, -0.9222 1.2445 3.9409, -1.0163 1.1239 3.9409, -1.0082 1.2535 3.9409, -1.0656 1.118 3.9409, -1.1077 1.2419 3.9409, -1.1031 1.1034 3.9409, -1.1796 1.2146 3.9409, -1.1373 1.0795 3.9409, -1.2344 1.1781 3.9409, -1.1706 1.0412 3.9409, -1.2898 1.1203 3.9409, -1.206 0.9735 3.9409, -1.3397 1.037 3.9409, -1.2391 0.842 3.9409, -1.3927 0.8619 3.9409, -1.0348 0.0436 3.937, -1.4115 0.6256 3.937, -1.3978 0.4329 3.937, -1.3562 0.2756 3.937, -1.3045 0.1801 3.937, -1.2463 0.1164 3.937, -1.1871 0.0771 3.937, -1.1417 0.0609 3.937, -1.1188 0.0527 3.937, -0.9473 0.053 3.937, -0.9246 0.0609 3.937, -0.8733 0.0789 3.937, -0.8076 0.1226 3.937, -0.7496 0.1858 3.937, -0.6955 0.282 3.937, -0.6514 0.4344 3.937, -0.6337 0.6535 3.937, -1.0082 1.2535 3.937, -0.9672 1.2492 3.937, -0.9222 1.2445 3.937, -0.8526 1.2201 3.937, -0.7912 1.1795 3.937, -0.7436 1.1278 3.937, -0.6942 1.0389 3.937, -0.6518 0.8884 3.937, -1.045 1.2492 3.937, -1.1077 1.2419 3.937, -1.1796 1.2146 3.937, -1.2344 1.1781 3.937, -1.2898 1.1203 3.937, -1.3397 1.037 3.937, -1.3927 0.8619 3.937, -1.2531 0.6328 3.937, -1.2391 0.842 3.937, -1.206 0.9735 3.937, -1.1706 1.0412 3.937, -1.1373 1.0795 3.937, -1.1031 1.1034 3.937, -1.0656 1.118 3.937, -1.0163 1.1239 3.937, -1.0208 0.1732 3.937, -1.057 0.1762 3.937, -1.099 0.1891 3.937, -1.1341 0.2105 3.937, -1.1681 0.2451 3.937, -1.1985 0.2954 3.937, -1.2335 0.405 3.937, -0.7921 0.6405 3.937, -0.8048 0.446 3.937, -0.8362 0.3201 3.937, -0.8692 0.2553 3.937, -0.9024 0.2168 3.937, -0.9364 0.193 3.937, -0.9733 0.1788 3.937, -0.9721 1.1186 3.937, -0.9372 1.1052 3.937, -0.9066 1.0845 3.937, -0.8807 1.0571 3.937, -0.8496 1.0062 3.937, -0.8157 0.9032 3.937, -0.8157 0.9032 3.937
            ]
        }
        coordIndex [
            0,1,2,-1,2,1,3,-1,0,2,4,-1,5,6,7,-1,7,6,8,-1,0,4,9,-1,9,4,10,-1,9,10,8,-1,8,10,11,-1,8,11,7,-1,6,5,12,-1,13,14,15,-1,6,12,15,-1,15,12,16,-1,15,16,13,-1,13,17,14,-1,14,17,18,-1,14,18,19,-1,19,18,20,-1,19,20,21,-1,21,20,22,-1,21,22,23,-1,23,22,24,-1,23,24,25,-1,25,24,26,-1,25,26,27,-1,27,26,28,-1,27,28,29,-1,29,28,30,-1,29,30,31,-1,31,30,32,-1,31,32,33,-1,33,32,34,-1,33,34,35,-1,35,34,36,-1,35,36,37,-1,37,36,38,-1,37,38,39,-1,39,38,40,-1,39,40,41,-1,41,40,42,-1,41,42,43,-1,43,42,44,-1,43,44,45,-1,45,44,46,-1,45,46,47,-1,47,46,48,-1,47,48,49,-1,49,48,50,-1,49,50,51,-1,51,50,52,-1,51,52,53,-1,53,52,54,-1,53,54,55,-1,55,54,56,-1,55,56,57,-1,57,56,58,-1,57,58,59,-1,59,58,60,-1,59,60,61,-1,61,60,62,-1,61,62,63,-1,63,62,64,-1,63,64,65,-1,65,64,66,-1,65,66,67,-1,67,66,68,-1,67,68,69,-1,70,69,71,-1,71,69,68,-1,70,71,72,-1,70,72,73,-1,73,72,74,-1,73,74,75,-1,75,74,76,-1,75,76,77,-1,77,76,78,-1,77,78,79,-1,79,78,80,-1,79,80,81,-1,81,80,82,-1,81,82,83,-1,83,82,84,-1,83,84,85,-1,85,84,86,-1,85,86,87,-1,87,86,88,-1,87,88,89,-1,89,88,90,-1,89,90,91,-1,91,90,92,-1,91,92,93,-1,93,92,94,-1,93,94,95,-1,95,94,96,-1,95,96,97,-1,97,96,98,-1,97,98,99,-1,99,98,100,-1,99,100,101,-1,101,100,102,-1,101,102,103,-1,103,102,104,-1,103,104,105,-1,105,104,106,-1,105,106,107,-1,107,106,108,-1,107,108,109,-1,109,108,110,-1,109,110,111,-1,111,110,112,-1,111,112,113,-1,113,112,114,-1,113,114,115,-1,115,114,116,-1,115,116,117,-1,117,116,118,-1,117,118,119,-1,119,118,120,-1,119,120,121,-1,121,120,122,-1,121,122,123,-1,123,122,124,-1,123,124,125,-1,125,124,126,-1,125,126,127,-1,127,126,128,-1,127,128,129,-1,129,128,3,-1,129,3,1,-1,1,0,129,-1,129,0,9,-1,129,9,127,-1,127,9,8,-1,127,8,125,-1,125,8,6,-1,125,6,123,-1,123,6,15,-1,123,15,121,-1,121,15,14,-1,121,14,119,-1,119,14,19,-1,119,19,117,-1,117,19,21,-1,117,21,115,-1,115,21,23,-1,115,23,113,-1,113,23,25,-1,113,25,111,-1,111,25,27,-1,111,27,109,-1,109,27,29,-1,109,29,107,-1,107,29,31,-1,107,31,105,-1,105,31,33,-1,105,33,103,-1,103,33,35,-1,103,35,101,-1,101,35,37,-1,101,37,99,-1,99,37,39,-1,99,39,97,-1,97,39,41,-1,97,41,95,-1,95,41,43,-1,95,43,93,-1,93,43,45,-1,93,45,91,-1,91,45,47,-1,91,47,89,-1,89,47,49,-1,89,49,87,-1,87,49,51,-1,87,51,85,-1,85,51,53,-1,85,53,83,-1,83,53,55,-1,83,55,81,-1,81,55,57,-1,81,57,79,-1,79,57,59,-1,79,59,77,-1,77,59,61,-1,77,61,75,-1,75,61,63,-1,75,63,73,-1,73,63,65,-1,73,65,70,-1,70,65,67,-1,70,67,69,-1,130,131,132,-1,132,131,133,-1,134,135,136,-1,136,135,130,-1,136,130,132,-1,137,135,138,-1,138,135,134,-1,137,138,139,-1,137,139,140,-1,140,139,141,-1,140,141,142,-1,143,142,144,-1,144,142,141,-1,143,144,145,-1,143,145,146,-1,146,145,147,-1,146,147,148,-1,148,147,149,-1,148,149,150,-1,150,149,131,-1,131,149,151,-1,131,151,133,-1,131,130,150,-1,150,130,135,-1,135,137,150,-1,150,137,140,-1,150,140,148,-1,148,140,142,-1,148,142,146,-1,146,142,143,-1,152,153,154,-1,154,153,155,-1,154,155,156,-1,156,155,157,-1,156,157,158,-1,158,157,159,-1,158,159,160,-1,160,159,161,-1,160,161,162,-1,162,161,163,-1,162,163,164,-1,164,163,165,-1,164,165,166,-1,166,165,167,-1,166,167,168,-1,168,167,169,-1,168,169,170,-1,170,169,171,-1,170,171,172,-1,172,171,173,-1,172,173,174,-1,174,173,175,-1,174,175,176,-1,176,175,177,-1,176,177,178,-1,178,177,179,-1,178,179,180,-1,180,179,181,-1,180,181,182,-1,182,181,183,-1,182,183,184,-1,184,183,185,-1,184,185,186,-1,186,185,187,-1,186,187,188,-1,188,187,189,-1,188,189,190,-1,190,189,191,-1,190,191,192,-1,192,191,193,-1,192,193,194,-1,194,193,195,-1,194,195,196,-1,196,195,197,-1,196,197,198,-1,198,197,199,-1,198,199,200,-1,200,199,201,-1,200,201,202,-1,202,201,203,-1,202,203,204,-1,204,203,205,-1,204,205,206,-1,206,205,207,-1,206,207,152,-1,152,207,153,-1,208,167,165,-1,153,209,210,-1,153,210,155,-1,155,210,211,-1,155,211,157,-1,157,211,212,-1,157,212,159,-1,159,212,213,-1,159,213,161,-1,161,213,214,-1,161,214,163,-1,163,214,215,-1,163,215,165,-1,165,215,216,-1,165,216,208,-1,167,208,217,-1,167,217,169,-1,169,217,218,-1,169,218,171,-1,218,219,171,-1,171,219,220,-1,171,220,173,-1,173,220,221,-1,173,221,175,-1,175,221,222,-1,175,222,177,-1,177,222,223,-1,177,223,179,-1,179,223,224,-1,179,224,181,-1,225,195,226,-1,226,195,193,-1,226,193,227,-1,227,193,191,-1,227,191,228,-1,228,191,189,-1,228,189,229,-1,229,189,187,-1,229,187,230,-1,230,187,185,-1,230,185,231,-1,231,185,183,-1,231,183,232,-1,232,183,181,-1,232,181,224,-1,195,225,233,-1,195,233,197,-1,233,234,197,-1,197,234,235,-1,197,235,199,-1,199,235,236,-1,199,236,201,-1,201,236,237,-1,201,237,203,-1,203,237,238,-1,203,238,205,-1,205,238,239,-1,205,239,207,-1,207,239,209,-1,207,209,153,-1,152,240,241,-1,152,241,206,-1,206,241,242,-1,206,242,204,-1,204,242,243,-1,204,243,202,-1,202,243,244,-1,202,244,200,-1,200,244,245,-1,200,245,198,-1,198,245,246,-1,198,246,196,-1,196,246,247,-1,196,247,194,-1,166,248,249,-1,166,249,164,-1,164,249,250,-1,164,250,162,-1,162,250,251,-1,162,251,160,-1,160,251,252,-1,160,252,158,-1,158,252,253,-1,158,253,156,-1,156,253,254,-1,156,254,154,-1,154,254,240,-1,154,240,152,-1,180,255,256,-1,180,256,178,-1,178,256,257,-1,178,257,176,-1,176,257,258,-1,176,258,174,-1,174,258,259,-1,174,259,172,-1,172,259,260,-1,172,260,170,-1,170,260,261,-1,170,261,168,-1,168,261,248,-1,168,248,166,-1,194,247,262,-1,194,262,192,-1,192,262,263,-1,192,263,190,-1,190,263,264,-1,190,264,188,-1,188,264,265,-1,188,265,186,-1,186,265,266,-1,186,266,184,-1,184,266,267,-1,184,267,182,-1,182,267,255,-1,182,255,180,-1,
        ]
    }
}
Shape{
    appearance Appearance {
        material  Material 	{
            diffuseColor 0.25098039215686274 0.25098039215686274 0.25098039215686274
            specularColor 0.12549019607843137 0.12549019607843137 0.12549019607843137
            ambientIntensity 0.2
            transparency 0
            shininess 0.5
        }
    }
    geometry IndexedFaceSet {
        ccw TRUE
        solid FALSE
        coord DEF co Coordinate {
            point [
                -0.8496 1.0062 3.937, -0.8807 1.0571 3.937, -1.2391 0.842 3.937, -0.8362 0.3201 3.937, -0.8048 0.446 3.937, -1.2531 0.6328 3.937, -0.7921 0.6405 3.937, -0.8157 0.9032 3.937, -0.9066 1.0845 3.937, -0.9372 1.1052 3.937, -1.206 0.9735 3.937, -1.1706 1.0412 3.937, -1.057 0.1762 3.937, -1.2335 0.405 3.937, -1.1985 0.2954 3.937, -0.9733 0.1788 3.937, -0.9364 0.193 3.937, -1.0208 0.1732 3.937, -0.9024 0.2168 3.937, -0.8692 0.2553 3.937, -1.1681 0.2451 3.937, -1.1341 0.2105 3.937, -1.099 0.1891 3.937, -1.0163 1.1239 3.937, -1.0656 1.118 3.937, -1.1031 1.1034 3.937, -0.9721 1.1186 3.937, -1.1373 1.0795 3.937, -1.1373 1.0795 3.937
            ]
        }
        coordIndex [
            0,1,2,-1,3,4,5,-1,5,4,6,-1,5,6,2,-1,2,6,7,-1,2,7,0,-1,1,8,2,-1,2,8,9,-1,2,9,10,-1,10,9,11,-1,12,13,14,-1,15,16,5,-1,13,12,5,-1,5,12,17,-1,5,17,15,-1,16,18,5,-1,5,18,19,-1,5,19,3,-1,14,20,12,-1,12,20,21,-1,12,21,22,-1,23,24,25,-1,9,26,11,-1,11,26,23,-1,11,23,27,-1,27,23,25,-1,
        ]
    }
}
Shape{
    appearance Appearance {
        material  Material 	{
            diffuseColor 1.0 1.0 1.0
            specularColor 0.8784313725490196 0.8784313725490196 0.8784313725490196
            ambientIntensity 0.2
            transparency 0
            shininess 0.5
        }
    }
    geometry IndexedFaceSet {
        ccw TRUE
        solid FALSE
        coord DEF co Coordinate {
            point [
                -0.0144 0.5843 3.9409, -0.0144 0.4691 3.9409, -0.0144 0.5843 3.937, -0.0144 0.4691 3.937, -0.4609 0.5843 3.9409, -0.4609 0.5843 3.937, -0.4609 0.4691 3.9409, -0.4609 0.4691 3.937, 0.704 0.6671 3.9409, 1.0803 0.0716 3.9409, 0.704 0.6671 3.937, 1.0803 0.0716 3.937, 1.0803 1.2527 3.9409, 1.0781 1.2492 3.937, 1.0803 1.2527 3.937, 0.9074 1.2527 3.9409, 0.9074 1.2527 3.937, 0.6563 0.8494 3.937, 0.6563 0.8494 3.9409, 0.9053 1.2492 3.937, 0.6321 0.8062 3.937, 0.6321 0.8062 3.9409, 0.6099 0.762 3.937, 0.6099 0.762 3.9409, 0.6068 0.762 3.9409, 0.6068 0.762 3.937, 0.5873 0.8044 3.937, 0.5873 0.8044 3.9409, 0.5653 0.8455 3.937, 0.5653 0.8455 3.9409, 0.3313 1.2527 3.9409, 0.3333 1.2492 3.937, 0.3313 1.2527 3.937, 0.144 1.2527 3.9409, 0.144 1.2527 3.937, 0.5064 0.6648 3.937, 0.5064 0.6648 3.9409, 0.1462 1.2492 3.937, 0.1152 0.0716 3.9409, 0.1152 0.0716 3.937, 0.3025 0.0716 3.9409, 0.3025 0.0716 3.937, 0.5712 0.5136 3.9409, 0.5712 0.5136 3.937, 0.5851 0.5442 3.937, 0.5851 0.5442 3.9409, 0.5982 0.5752 3.937, 0.5982 0.5752 3.9409, 0.602 0.5752 3.9409, 0.602 0.5752 3.937, 0.6145 0.5444 3.937, 0.6145 0.5444 3.9409, 0.6288 0.5145 3.937, 0.6288 0.5145 3.9409, 0.893 0.0716 3.9409, 0.893 0.0716 3.937, 1.7122 0.6757 3.9409, 2.0885 0.0802 3.9409, 1.7122 0.6757 3.937, 2.0885 0.0802 3.937, 2.0807 1.2492 3.937, 2.0885 1.2613 3.9409, 2.086 1.2574 3.937, 2.0885 1.2613 3.937, 1.9157 1.2613 3.9409, 1.9157 1.2613 3.937, 1.6645 0.858 3.937, 1.6645 0.858 3.9409, 1.9081 1.2492 3.937, 1.9132 1.2574 3.937, 1.6403 0.8149 3.937, 1.6403 0.8149 3.9409, 1.6181 0.7707 3.937, 1.6181 0.7707 3.9409, 1.615 0.7707 3.9409, 1.615 0.7707 3.937, 1.5955 0.813 3.937, 1.5955 0.813 3.9409, 1.5736 0.8542 3.937, 1.5736 0.8542 3.9409, 1.3464 1.2492 3.937, 1.3395 1.2613 3.9409, 1.3417 1.2574 3.937, 1.3395 1.2613 3.937, 1.1523 1.2613 3.9409, 1.1523 1.2613 3.937, 1.5146 0.6734 3.937, 1.5146 0.6734 3.9409, 1.1597 1.2492 3.937, 1.1546 1.2574 3.937, 1.1234 0.0802 3.9409, 1.1234 0.0802 3.937, 1.3107 0.0802 3.9409, 1.3107 0.0802 3.937, 1.5794 0.5222 3.9409, 1.5794 0.5222 3.937, 1.5933 0.5529 3.937, 1.5933 0.5529 3.9409, 1.6064 0.5839 3.937, 1.6064 0.5839 3.9409, 1.6102 0.5839 3.9409, 1.6102 0.5839 3.937, 1.6227 0.5531 3.937, 1.6227 0.5531 3.9409, 1.637 0.5231 3.937, 1.637 0.5231 3.9409, 1.9012 0.0802 3.9409, 1.9012 0.0802 3.937, 2.679 0.6073 3.9409, 2.679 0.4921 3.9409, 2.679 0.6073 3.937, 2.679 0.4921 3.937, 2.2325 0.6073 3.9409, 2.2325 0.6073 3.937, 2.2325 0.4921 3.9409, 2.2325 0.4921 3.937, 3.9177 1.2685 3.937, 3.9177 1.2757 3.937, 3.9177 1.2757 3.9409, 3.9177 0.0946 3.9409, 3.9177 0.0946 3.937, 3.9177 1.2492 3.937, 3.9177 1.2574 3.937, 3.7593 1.2757 3.9409, 3.7593 1.2757 3.937, 3.7593 1.2685 3.937, 3.7593 0.4677 3.937, 3.7593 0.4677 3.9409, 3.7593 1.2492 3.937, 3.7593 1.2574 3.937, 3.7606 0.3819 3.937, 3.7606 0.3819 3.9409, 3.7669 0.2962 3.937, 3.7669 0.2962 3.9409, 3.7638 0.2962 3.9409, 3.7638 0.2962 3.937, 3.741 0.3374 3.937, 3.741 0.3374 3.9409, 3.7163 0.3775 3.937, 3.7163 0.3775 3.9409, 3.1588 1.2685 3.937, 3.1543 1.2757 3.937, 3.1543 1.2757 3.9409, 3.1709 1.2492 3.937, 3.1658 1.2574 3.937, 2.9527 1.2757 3.9409, 2.9527 1.2757 3.937, 2.9527 1.2685 3.937, 2.9527 0.0946 3.937, 2.9527 0.0946 3.9409, 2.9527 1.2492 3.937, 2.9527 1.2574 3.937, 3.1111 0.0946 3.9409, 3.1111 0.0946 3.937, 3.1111 0.9233 3.9409, 3.1111 0.9233 3.937, 3.1104 1.0059 3.937, 3.1104 1.0059 3.9409, 3.1064 1.0885 3.937, 3.1064 1.0885 3.9409, 3.1111 1.0885 3.9409, 3.1111 1.0885 3.937, 3.129 1.0491 3.937, 3.129 1.0491 3.9409, 3.1505 1.0115 3.937, 3.1505 1.0115 3.9409, 3.7298 0.0946 3.9409, 3.7298 0.0946 3.937, 5.1276 1.2685 3.937, 5.1276 1.2865 3.937, 5.1276 1.2865 3.9409, 5.1276 0.1054 3.9409, 5.1276 0.1054 3.937, 5.1276 1.2492 3.937, 5.1276 1.2574 3.937, 4.9691 1.2865 3.9409, 4.9691 1.2865 3.937, 4.9691 1.2685 3.937, 4.9691 0.768 3.937, 4.9691 0.768 3.9409, 4.9691 1.2492 3.937, 4.9691 1.2574 3.937, 4.3786 0.768 3.9409, 4.3786 0.768 3.937, 4.3786 1.2685 3.937, 4.3786 1.2865 3.937, 4.3786 1.2865 3.9409, 4.3786 1.2492 3.937, 4.3786 1.2574 3.937, 4.2201 1.2865 3.9409, 4.2201 1.2865 3.937, 4.2201 1.2685 3.937, 4.2201 0.1054 3.937, 4.2201 0.1054 3.9409, 4.2201 1.2492 3.937, 4.2201 1.2574 3.937, 4.3786 0.1054 3.9409, 4.3786 0.1054 3.937, 4.3786 0.6384 3.9409, 4.3786 0.6384 3.937, 4.9691 0.6384 3.9409, 4.9691 0.6384 3.937, 4.9691 0.1054 3.9409, 4.9691 0.1054 3.937, 0.651 -0.1549 -3.9409, 0.651 -0.1981 -3.9409, 0.651 -0.1549 -3.937, 0.651 -0.1981 -3.937, 0.7999 -0.1549 -3.9409, 0.7999 -0.1549 -3.937, 0.7999 0.1956 -3.9409, 0.7999 0.1956 -3.937, 0.8527 0.1956 -3.9409, 0.8527 0.1956 -3.937, 0.8527 -0.1981 -3.9409, 0.8527 -0.1981 -3.937, 0.3245 -0.1345 -3.9409, 0.3245 -0.1777 -3.9409, 0.3245 -0.1345 -3.937, 0.3245 -0.1777 -3.937, 0.3316 -0.1384 -3.937, 0.3316 -0.1384 -3.9409, 0.3733 -0.1539 -3.937, 0.3733 -0.1539 -3.9409, 0.4256 -0.1597 -3.937, 0.4256 -0.1597 -3.9409, 0.4623 -0.1555 -3.937, 0.4623 -0.1555 -3.9409, 0.491 -0.145 -3.937, 0.491 -0.145 -3.9409, 0.5152 -0.1287 -3.937, 0.5152 -0.1287 -3.9409, 0.5336 -0.1092 -3.937, 0.5336 -0.1092 -3.9409, 0.5499 -0.0819 -3.937, 0.5499 -0.0819 -3.9409, 0.5606 -0.048 -3.937, 0.5606 -0.048 -3.9409, 0.5646 -0.0054 -3.937, 0.5646 -0.0054 -3.9409, 0.5627 0.0252 -3.937, 0.5627 0.0252 -3.9409, 0.5522 0.0674 -3.937, 0.5522 0.0674 -3.9409, 0.536 0.0978 -3.937, 0.536 0.0978 -3.9409, 0.5122 0.124 -3.937, 0.5122 0.124 -3.9409, 0.485 0.1422 -3.937, 0.485 0.1422 -3.9409, 0.4555 0.1529 -3.937, 0.4555 0.1529 -3.9409, 0.4167 0.1572 -3.937, 0.4167 0.1572 -3.9409, 0.3689 0.151 -3.937, 0.3689 0.151 -3.9409, 0.3245 0.132 -3.937, 0.3245 0.132 -3.9409, 0.3245 0.1848 -3.9409, 0.3245 0.1848 -3.937, 0.4172 0.2004 -3.937, 0.4172 0.2004 -3.9409, 0.3824 0.198 -3.937, 0.3701 0.1972 -3.9409, 0.3701 0.1972 -3.937, 0.4567 0.1972 -3.9409, 0.4466 0.198 -3.937, 0.4567 0.1972 -3.937, 0.5006 0.1844 -3.937, 0.5006 0.1844 -3.9409, 0.538 0.1629 -3.937, 0.538 0.1629 -3.9409, 0.5736 0.1287 -3.937, 0.5736 0.1287 -3.9409, 0.5966 0.0919 -3.937, 0.5966 0.0919 -3.9409, 0.6117 0.0473 -3.937, 0.6117 0.0473 -3.9409, 0.6174 -0.0087 -3.937, 0.6174 -0.0087 -3.9409, 0.4329 -0.2029 -3.937, 0.4329 -0.2029 -3.9409, 0.456 -0.2005 -3.937, 0.4814 -0.1978 -3.9409, 0.4814 -0.1978 -3.937, 0.5195 -0.1847 -3.9409, 0.5195 -0.1847 -3.937, 0.5512 -0.1645 -3.9409, 0.5512 -0.1645 -3.937, 0.5808 -0.1334 -3.9409, 0.5808 -0.1334 -3.937, 0.6018 -0.0959 -3.9409, 0.6018 -0.0959 -3.937, 0.6136 -0.0542 -3.9409, 0.6136 -0.0542 -3.937, 0.3665 -0.1949 -3.9409, 0.4221 -0.2027 -3.937, 0.4221 -0.2027 -3.9409, 0.4063 -0.2005 -3.937, 0.3665 -0.1949 -3.937, 0.0365 -0.1549 -3.9409, 0.0365 -0.1981 -3.9409, 0.0365 -0.1549 -3.937, 0.0365 -0.1981 -3.937, 0.1949 -0.1549 -3.9409, 0.1949 -0.1549 -3.937, 0.1949 -0.0204 -3.9409, 0.1949 -0.0204 -3.937, 0.0557 -0.0204 -3.9409, 0.0557 -0.0204 -3.937, 0.0557 0.0228 -3.9409, 0.0557 0.0228 -3.937, 0.1949 0.0228 -3.9409, 0.1949 0.0228 -3.937, 0.1949 0.1524 -3.9409, 0.1949 0.1524 -3.937, 0.0461 0.1524 -3.9409, 0.0461 0.1524 -3.937, 0.0461 0.1956 -3.9409, 0.0461 0.1956 -3.937, 0.2477 0.1956 -3.9409, 0.2477 0.1956 -3.937, 0.2477 -0.1981 -3.9409, 0.2477 -0.1981 -3.937, -0.3438 0.0796 -3.9409, -0.3255 0.1134 -3.9409, -0.2782 0.0972 -3.9409, -0.2977 0.1443 -3.9409, -0.2591 0.1175 -3.9409, -0.2973 0.1447 -3.9409, -0.2303 0.1361 -3.9409, -0.2544 0.1734 -3.9409, -0.1978 0.1475 -3.9409, -0.2083 0.1895 -3.9409, -0.1512 0.1524 -3.9409, -0.1515 0.1956 -3.9409, -0.0932 0.1524 -3.9409, -0.0404 0.1956 -3.9409, -0.0932 -0.1549 -3.9409, -0.0404 -0.1981 -3.9409, -0.1491 -0.1549 -3.9409, -0.1474 -0.1981 -3.9409, -0.1906 -0.151 -3.9409, -0.1961 -0.1938 -3.9409, -0.2237 -0.1407 -3.9409, -0.2415 -0.1803 -3.9409, -0.2506 -0.1247 -3.9409, -0.2826 -0.1564 -3.9409, -0.2727 -0.1029 -3.9409, -0.315 -0.1254 -3.9409, -0.2893 -0.0758 -3.9409, -0.3376 -0.0902 -3.9409, -0.3008 -0.0388 -3.9409, -0.3517 -0.049 -3.9409, -0.3044 0.0026 -3.9409, -0.3572 0.0037 -3.9409, -0.3011 0.0418 -3.9409, -0.3544 0.0408 -3.9409, -0.2919 0.0729 -3.9409, -0.1474 -0.1981 -3.937, -0.0404 -0.1981 -3.937, -0.1961 -0.1938 -3.937, -0.2415 -0.1803 -3.937, -0.2826 -0.1564 -3.937, -0.315 -0.1254 -3.937, -0.3376 -0.0902 -3.937, -0.3517 -0.049 -3.937, -0.3572 0.0037 -3.937, -0.3544 0.0408 -3.937, -0.3438 0.0796 -3.937, -0.3255 0.1134 -3.937, -0.2977 0.1443 -3.937, -0.2973 0.1447 -3.937, -0.2544 0.1734 -3.937, -0.2083 0.1895 -3.937, -0.1515 0.1956 -3.937, -0.0404 0.1956 -3.937, -0.1512 0.1524 -3.937, -0.0932 0.1524 -3.937, -0.0932 -0.1549 -3.937, -0.1491 -0.1549 -3.937, -0.3044 0.0026 -3.937, -0.3008 -0.0388 -3.937, -0.2893 -0.0758 -3.937, -0.2727 -0.1029 -3.937, -0.2506 -0.1247 -3.937, -0.2237 -0.1407 -3.937, -0.1906 -0.151 -3.937, -0.1978 0.1475 -3.937, -0.2303 0.1361 -3.937, -0.2591 0.1175 -3.937, -0.2782 0.0972 -3.937, -0.2919 0.0729 -3.937, -0.3011 0.0418 -3.937, -0.3011 0.0418 -3.937
            ]
        }
        coordIndex [
            0,1,2,-1,2,1,3,-1,4,0,5,-1,5,0,2,-1,6,4,7,-1,7,4,5,-1,1,6,3,-1,3,6,7,-1,4,6,0,-1,0,6,1,-1,8,9,10,-1,10,9,11,-1,8,10,12,-1,12,10,13,-1,12,13,14,-1,15,12,16,-1,16,12,14,-1,17,18,19,-1,19,18,15,-1,19,15,16,-1,18,17,20,-1,18,20,21,-1,21,20,22,-1,21,22,23,-1,24,23,25,-1,25,23,22,-1,24,25,26,-1,24,26,27,-1,27,26,28,-1,27,28,29,-1,29,28,30,-1,30,28,31,-1,30,31,32,-1,33,30,34,-1,34,30,32,-1,35,36,37,-1,37,36,33,-1,37,33,34,-1,38,36,39,-1,39,36,35,-1,40,38,41,-1,41,38,39,-1,42,40,43,-1,43,40,41,-1,42,43,44,-1,42,44,45,-1,45,44,46,-1,45,46,47,-1,48,47,49,-1,49,47,46,-1,48,49,50,-1,48,50,51,-1,51,50,52,-1,51,52,53,-1,54,53,55,-1,55,53,52,-1,9,54,11,-1,11,54,55,-1,45,47,36,-1,27,29,47,-1,36,47,33,-1,33,47,29,-1,33,29,30,-1,54,9,53,-1,53,9,8,-1,53,8,51,-1,51,8,48,-1,38,40,36,-1,36,40,42,-1,36,42,45,-1,8,12,48,-1,48,12,15,-1,48,15,18,-1,18,21,48,-1,48,21,23,-1,48,23,47,-1,47,23,24,-1,47,24,27,-1,56,57,58,-1,58,57,59,-1,56,58,60,-1,56,60,61,-1,61,60,62,-1,61,62,63,-1,64,61,65,-1,65,61,63,-1,66,67,68,-1,68,67,64,-1,68,64,69,-1,69,64,65,-1,67,66,70,-1,67,70,71,-1,71,70,72,-1,71,72,73,-1,74,73,75,-1,75,73,72,-1,74,75,76,-1,74,76,77,-1,77,76,78,-1,77,78,79,-1,79,78,80,-1,79,80,81,-1,81,80,82,-1,81,82,83,-1,84,81,85,-1,85,81,83,-1,86,87,88,-1,88,87,84,-1,88,84,89,-1,89,84,85,-1,90,87,91,-1,91,87,86,-1,92,90,93,-1,93,90,91,-1,94,92,95,-1,95,92,93,-1,94,95,96,-1,94,96,97,-1,97,96,98,-1,97,98,99,-1,100,99,101,-1,101,99,98,-1,100,101,102,-1,100,102,103,-1,103,102,104,-1,103,104,105,-1,106,105,107,-1,107,105,104,-1,57,106,59,-1,59,106,107,-1,97,99,87,-1,77,79,99,-1,87,99,84,-1,84,99,79,-1,84,79,81,-1,106,57,105,-1,105,57,56,-1,105,56,103,-1,103,56,100,-1,90,92,87,-1,87,92,94,-1,87,94,97,-1,56,61,100,-1,100,61,64,-1,100,64,67,-1,67,71,100,-1,100,71,73,-1,100,73,99,-1,99,73,74,-1,99,74,77,-1,108,109,110,-1,110,109,111,-1,112,108,113,-1,113,108,110,-1,114,112,115,-1,115,112,113,-1,109,114,111,-1,111,114,115,-1,112,114,108,-1,108,114,109,-1,116,117,118,-1,119,120,121,-1,119,121,118,-1,118,121,122,-1,118,122,116,-1,123,118,124,-1,124,118,117,-1,123,124,125,-1,126,127,128,-1,128,127,123,-1,128,123,129,-1,129,123,125,-1,127,126,130,-1,127,130,131,-1,131,130,132,-1,131,132,133,-1,134,133,135,-1,135,133,132,-1,134,135,136,-1,134,136,137,-1,137,136,138,-1,137,138,139,-1,140,141,142,-1,139,138,143,-1,139,143,142,-1,142,143,144,-1,142,144,140,-1,145,142,146,-1,146,142,141,-1,145,146,147,-1,148,149,150,-1,150,149,145,-1,150,145,151,-1,151,145,147,-1,152,149,153,-1,153,149,148,-1,154,152,155,-1,155,152,153,-1,154,155,156,-1,154,156,157,-1,157,156,158,-1,157,158,159,-1,160,159,161,-1,161,159,158,-1,160,161,162,-1,160,162,163,-1,163,162,164,-1,163,164,165,-1,166,165,167,-1,167,165,164,-1,119,166,120,-1,120,166,167,-1,118,123,119,-1,119,123,127,-1,149,152,145,-1,145,152,154,-1,154,157,145,-1,145,157,159,-1,145,159,142,-1,142,159,160,-1,127,131,119,-1,119,131,133,-1,119,133,166,-1,166,133,134,-1,134,137,166,-1,166,137,139,-1,166,139,165,-1,165,139,142,-1,165,142,163,-1,163,142,160,-1,168,169,170,-1,171,172,173,-1,171,173,170,-1,170,173,174,-1,170,174,168,-1,175,170,176,-1,176,170,169,-1,175,176,177,-1,178,179,180,-1,180,179,175,-1,180,175,181,-1,181,175,177,-1,182,179,183,-1,183,179,178,-1,184,185,186,-1,182,183,187,-1,182,187,186,-1,186,187,188,-1,186,188,184,-1,189,186,190,-1,190,186,185,-1,189,190,191,-1,192,193,194,-1,194,193,189,-1,194,189,195,-1,195,189,191,-1,196,193,197,-1,197,193,192,-1,198,196,199,-1,199,196,197,-1,200,198,201,-1,201,198,199,-1,202,200,203,-1,203,200,201,-1,171,202,172,-1,172,202,203,-1,182,186,189,-1,171,170,179,-1,179,170,175,-1,193,196,198,-1,202,171,200,-1,200,171,179,-1,200,179,198,-1,198,179,182,-1,198,182,193,-1,193,182,189,-1,204,205,206,-1,206,205,207,-1,208,204,209,-1,209,204,206,-1,210,208,211,-1,211,208,209,-1,212,210,213,-1,213,210,211,-1,214,212,215,-1,215,212,213,-1,205,214,207,-1,207,214,215,-1,210,212,208,-1,208,212,214,-1,208,214,204,-1,204,214,205,-1,216,217,218,-1,218,217,219,-1,216,218,220,-1,216,220,221,-1,221,220,222,-1,221,222,223,-1,223,222,224,-1,223,224,225,-1,225,224,226,-1,225,226,227,-1,227,226,228,-1,227,228,229,-1,229,228,230,-1,229,230,231,-1,231,230,232,-1,231,232,233,-1,233,232,234,-1,233,234,235,-1,235,234,236,-1,235,236,237,-1,237,236,238,-1,237,238,239,-1,239,238,240,-1,239,240,241,-1,241,240,242,-1,241,242,243,-1,243,242,244,-1,243,244,245,-1,245,244,246,-1,245,246,247,-1,247,246,248,-1,247,248,249,-1,249,248,250,-1,249,250,251,-1,251,250,252,-1,251,252,253,-1,253,252,254,-1,253,254,255,-1,255,254,256,-1,255,256,257,-1,258,257,259,-1,259,257,256,-1,260,261,262,-1,262,261,263,-1,262,263,264,-1,264,263,258,-1,264,258,259,-1,261,260,265,-1,265,260,266,-1,266,267,265,-1,265,267,268,-1,265,268,269,-1,269,268,270,-1,269,270,271,-1,271,270,272,-1,271,272,273,-1,273,272,274,-1,273,274,275,-1,275,274,276,-1,275,276,277,-1,277,276,278,-1,277,278,279,-1,280,281,282,-1,282,281,283,-1,282,283,284,-1,284,283,285,-1,284,285,286,-1,286,285,287,-1,286,287,288,-1,288,287,289,-1,288,289,290,-1,290,289,291,-1,290,291,292,-1,292,291,293,-1,292,293,294,-1,294,293,279,-1,294,279,278,-1,219,217,295,-1,281,280,296,-1,281,296,297,-1,297,296,298,-1,297,298,295,-1,295,298,299,-1,295,299,219,-1,227,281,225,-1,225,281,297,-1,225,297,223,-1,223,297,295,-1,223,295,221,-1,221,295,217,-1,221,217,216,-1,257,258,255,-1,255,258,263,-1,255,263,253,-1,253,263,261,-1,253,261,251,-1,251,261,265,-1,251,265,249,-1,249,265,269,-1,249,269,247,-1,247,269,271,-1,247,271,245,-1,245,271,273,-1,245,273,243,-1,243,273,275,-1,243,275,241,-1,241,275,277,-1,241,277,239,-1,239,277,279,-1,239,279,237,-1,237,279,293,-1,237,293,235,-1,235,293,291,-1,235,291,233,-1,233,291,289,-1,233,289,231,-1,231,289,287,-1,231,287,229,-1,229,287,285,-1,229,285,227,-1,227,285,283,-1,227,283,281,-1,300,301,302,-1,302,301,303,-1,304,300,305,-1,305,300,302,-1,306,304,307,-1,307,304,305,-1,308,306,309,-1,309,306,307,-1,310,308,311,-1,311,308,309,-1,312,310,313,-1,313,310,311,-1,314,312,315,-1,315,312,313,-1,316,314,317,-1,317,314,315,-1,318,316,319,-1,319,316,317,-1,320,318,321,-1,321,318,319,-1,322,320,323,-1,323,320,321,-1,301,322,303,-1,303,322,323,-1,322,301,300,-1,300,304,322,-1,322,304,306,-1,322,306,320,-1,316,318,314,-1,314,318,320,-1,314,320,312,-1,312,320,306,-1,312,306,310,-1,310,306,308,-1,324,325,326,-1,326,325,327,-1,326,327,328,-1,328,327,329,-1,328,329,330,-1,330,329,331,-1,330,331,332,-1,332,331,333,-1,332,333,334,-1,334,333,335,-1,334,335,336,-1,336,335,337,-1,336,337,338,-1,338,337,339,-1,338,339,340,-1,340,339,341,-1,340,341,342,-1,342,341,343,-1,342,343,344,-1,344,343,345,-1,344,345,346,-1,346,345,347,-1,346,347,348,-1,348,347,349,-1,348,349,350,-1,350,349,351,-1,350,351,352,-1,352,351,353,-1,352,353,354,-1,354,353,355,-1,354,355,356,-1,356,355,357,-1,356,357,358,-1,358,357,324,-1,358,324,326,-1,341,339,359,-1,359,339,360,-1,341,359,361,-1,341,361,343,-1,343,361,362,-1,343,362,345,-1,345,362,363,-1,345,363,347,-1,347,363,364,-1,347,364,349,-1,349,364,365,-1,349,365,351,-1,351,365,366,-1,351,366,353,-1,353,366,367,-1,353,367,355,-1,355,367,368,-1,355,368,357,-1,357,368,369,-1,357,369,324,-1,324,369,370,-1,324,370,325,-1,325,370,371,-1,325,371,327,-1,327,371,372,-1,327,372,329,-1,329,372,373,-1,329,373,331,-1,331,373,374,-1,331,374,333,-1,333,374,375,-1,333,375,335,-1,337,335,376,-1,376,335,375,-1,339,337,360,-1,360,337,376,-1,334,336,377,-1,377,336,378,-1,336,338,378,-1,378,338,379,-1,338,340,379,-1,379,340,380,-1,354,381,382,-1,354,382,352,-1,352,382,383,-1,352,383,350,-1,350,383,384,-1,350,384,348,-1,348,384,385,-1,348,385,346,-1,346,385,386,-1,346,386,344,-1,344,386,387,-1,344,387,342,-1,342,387,380,-1,342,380,340,-1,334,377,388,-1,334,388,332,-1,332,388,389,-1,332,389,330,-1,330,389,390,-1,330,390,328,-1,328,390,391,-1,328,391,326,-1,326,391,392,-1,326,392,358,-1,358,392,393,-1,358,393,356,-1,356,393,381,-1,356,381,354,-1,
        ]
    }
}
Shape{
    appearance Appearance {
        material  Material 	{
            diffuseColor 0.25098039215686274 0.25098039215686274 0.25098039215686274
            specularColor 0.12549019607843137 0.12549019607843137 0.12549019607843137
            ambientIntensity 0.2
            transparency 0
            shininess 0.5
        }
    }
    geometry IndexedFaceSet {
        ccw TRUE
        solid FALSE
        coord DEF co Coordinate {
            point [
                -0.0932 0.1524 -3.937, -0.0932 -0.1549 -3.937, -0.1512 0.1524 -3.937, -0.1491 -0.1549 -3.937, -0.1906 -0.151 -3.937, -0.3044 0.0026 -3.937, -0.3011 0.0418 -3.937, -0.2919 0.0729 -3.937, -0.1978 0.1475 -3.937, -0.2237 -0.1407 -3.937, -0.2506 -0.1247 -3.937, -0.2727 -0.1029 -3.937, -0.2893 -0.0758 -3.937, -0.3008 -0.0388 -3.937, -0.2782 0.0972 -3.937, -0.2591 0.1175 -3.937, -0.2303 0.1361 -3.937, -0.2303 0.1361 -3.937
            ]
        }
        coordIndex [
            0,1,2,-1,2,1,3,-1,2,3,4,-1,5,6,2,-1,2,6,7,-1,2,7,8,-1,4,9,2,-1,2,9,10,-1,2,10,11,-1,11,12,2,-1,2,12,13,-1,2,13,5,-1,14,15,7,-1,7,15,16,-1,7,16,8,-1,
        ]
    }
}
Shape{
    appearance Appearance {
        material  Material 	{
            diffuseColor 1.0 1.0 1.0
            specularColor 0.8784313725490196 0.8784313725490196 0.8784313725490196
            ambientIntensity 0.2
            transparency 0
            shininess 0.5
        }
    }
    geometry IndexedFaceSet {
        ccw TRUE
        solid FALSE
        coord DEF co Coordinate {
            point [
                -0.4945 -0.0444 -3.9409, -0.4812 -0.0876 -3.9409, -0.6262 -0.0444 -3.9409, -0.6439 -0.0876 -3.9409, -0.5533 0.12 -3.9409, -0.5349 0.1956 -3.9409, -0.386 -0.1981 -3.9409, -0.4437 -0.1981 -3.9409, -0.5571 0.1337 -3.9409, -0.5596 0.1476 -3.9409, -0.5877 0.1956 -3.9409, -0.5608 0.1476 -3.9409, -0.5634 0.1337 -3.9409, -0.5669 0.12 -3.9409, -0.7413 -0.1981 -3.9409, -0.6837 -0.1981 -3.9409, -0.5877 0.1956 -3.937, -0.7413 -0.1981 -3.937, -0.5349 0.1956 -3.937, -0.386 -0.1981 -3.937, -0.4437 -0.1981 -3.937, -0.4812 -0.0876 -3.937, -0.6439 -0.0876 -3.937, -0.6837 -0.1981 -3.937, -0.4945 -0.0444 -3.937, -0.6262 -0.0444 -3.937, -0.5669 0.12 -3.937, -0.5608 0.1476 -3.937, -0.5634 0.1337 -3.937, -0.5596 0.1476 -3.937, -0.5533 0.12 -3.937, -0.5571 0.1337 -3.937, -0.5571 0.1337 -3.937
            ]
        }
        coordIndex [
            0,1,2,-1,2,1,3,-1,4,5,0,-1,0,5,6,-1,0,6,1,-1,1,6,7,-1,4,8,5,-1,5,8,9,-1,5,9,10,-1,10,9,11,-1,10,11,12,-1,12,13,10,-1,10,13,2,-1,10,2,14,-1,14,2,3,-1,14,3,15,-1,10,14,16,-1,16,14,17,-1,5,10,18,-1,18,10,16,-1,6,5,19,-1,19,5,18,-1,7,6,20,-1,20,6,19,-1,1,7,21,-1,21,7,20,-1,3,1,22,-1,22,1,21,-1,15,3,23,-1,23,3,22,-1,14,15,17,-1,17,15,23,-1,0,2,24,-1,24,2,25,-1,2,13,25,-1,25,13,26,-1,11,27,28,-1,11,28,12,-1,12,28,26,-1,12,26,13,-1,11,9,27,-1,27,9,29,-1,4,30,31,-1,4,31,8,-1,8,31,29,-1,8,29,9,-1,4,0,30,-1,30,0,24,-1,
        ]
    }
}
Shape{
    appearance Appearance {
        material  Material 	{
            diffuseColor 0.25098039215686274 0.25098039215686274 0.25098039215686274
            specularColor 0.12549019607843137 0.12549019607843137 0.12549019607843137
            ambientIntensity 0.2
            transparency 0
            shininess 0.5
        }
    }
    geometry IndexedFaceSet {
        ccw TRUE
        solid FALSE
        coord DEF co Coordinate {
            point [
                -0.4945 -0.0444 -3.937, -0.6262 -0.0444 -3.937, -0.5533 0.12 -3.937, -0.5669 0.12 -3.937, -0.5571 0.1337 -3.937, -0.5634 0.1337 -3.937, -0.5596 0.1476 -3.937, -0.5608 0.1476 -3.937, -0.5608 0.1476 -3.937
            ]
        }
        coordIndex [
            0,1,2,-1,2,1,3,-1,2,3,4,-1,4,3,5,-1,4,5,6,-1,6,5,7,-1,
        ]
    }
}